正規化後罪名(去未遂),次數,疑似雜訊,原始寫法範例(最多3個)
竊盜罪,2151,,竊盜罪 | 刑法第320條第1項之竊盜罪 | 竊盜未遂罪
三人以上共同詐欺取財罪,1744,,三人以上共同詐欺取財罪 | 三人以上共同詐欺取財未遂罪 | 三人以上共同詐欺取財罪及洗錢防制法第19條第1項後段之洗錢罪
洗錢罪,1621,,洗錢防制法第十四條第一項之洗錢罪 | 幫助洗錢罪 | 洗錢防制法第十九條第一項後段之洗錢罪
過失傷害罪,1253,,過失傷害罪 | 前段之過失傷害罪 | 前段過失傷害罪
一般洗錢罪,961,,一般洗錢罪 | 洗錢防制法第十四條第一項之一般洗錢罪 | 幫助一般洗錢罪
詐欺取財罪,867,,詐欺取財罪 | 詐欺取財罪及洗錢防制法第14條第1項之洗錢罪 | 詐欺取財未遂罪
施用第二級毒品罪,644,,施用第二級毒品罪 | 毒品危害防制條例第10條第2項之施用第二級毒品罪 | 幫助施用第二級毒品罪
傷害罪,613,,傷害罪 | 刑法第277條第1項之傷害罪 | 刑法第277條第1項傷害罪
如附表所示各罪,474,是,如附表所示各罪
吐氣所含酒精濃度達每公升0.25毫克以上而駕駛動力交通工具罪,406,,吐氣所含酒精濃度達每公升0.25毫克以上而駕駛動力交通工具罪 | 刑法第185條之3第1項第1款之吐氣所含酒精濃度達每公升0.25毫克以上而駕駛動力交通工具罪 | 前段之吐氣所含酒精濃度達每公升0.25毫克以上而駕駛動力交通工具罪
不能安全駕駛動力交通工具罪,371,,不能安全駕駛動力交通工具罪 | 刑法第185條之3第1項第1款之不能安全駕駛動力交通工具罪 | 刑法第一百八十五條之三第一項第一款之不能安全駕駛動力交通工具罪
侵占遺失物罪,286,,侵占遺失物罪 | 刑法第337條之侵占遺失物罪 | 侵占遺失物罪及同法第339條第1項之詐欺取財罪
參與犯罪組織罪,257,,後段之參與犯罪組織罪 | 後段參與犯罪組織罪 | 洗錢罪及組織犯罪防制條例第3條第1項後段之參與犯罪組織罪
三人以上共同犯詐欺取財罪,243,,三人以上共同犯詐欺取財罪 | 三人以上共同犯詐欺取財罪及洗錢防制法第2條第2款隱匿特定犯罪所得之去向而依同法第14條第1項論處之洗錢罪 | 刑法第339條之4第1項第2款之三人以上共同犯詐欺取財罪
恐嚇危害安全罪,230,,恐嚇危害安全罪 | 刑法第305條之恐嚇危害安全罪 | 強制罪及同法第305條之恐嚇危害安全罪
罪事實及理由一、本件犯罪,203,是,罪事實及理由一、本件犯罪
罪,194,是,刑法第339條之4之罪 | 罪組織而犯刑法第339條之4第1項第2款之罪 | 刑法第339條之4第1項第2款之罪
公然侮辱罪,188,,公然侮辱罪 | 傷害罪及同法第309條第1項之公然侮辱罪 | 公然侮辱罪及刑法第310條第2項之散布文字誹謗罪
行之犯罪,179,是,行之犯罪
毀損他人物品罪,159,,毀損他人物品罪 | 恐嚇危害安全罪及同法第354條之毀損他人物品罪 | 傷害罪及同法第354條之毀損他人物品罪
持有第二級毒品罪,153,,持有第二級毒品罪 | 毒品危害防制條例第11條第2項之持有第二級毒品罪 | 持有第二級毒品罪及同法第11條第5項之持有第三級毒品純質淨重5公克以上罪
普通洗錢罪,152,,普通洗錢罪 | 3人以上共同詐欺取財罪及違反洗錢防制法第14條第1項普通洗錢罪 | 後段之普通洗錢罪
尿液所含毒品達行政院公告之品項及濃度值以上而駕駛動力交通工具罪,146,,尿液所含毒品達行政院公告之品項及濃度值以上而駕駛動力交通工具罪
詐欺得利罪,139,,詐欺得利罪 | 刑法第339條第2項之詐欺得利罪 | 詐欺得利罪及同法第135條第1項之妨害公務執行罪
行使偽造私文書罪,127,,行使偽造私文書罪
販賣第二級毒品罪,121,,販賣第二級毒品罪 | 販賣第二級毒品未遂罪
性騷擾罪,121,,性騷擾罪 | 性騷擾防治法第二十五條第一項之性騷擾罪 | 修正前性騷擾防治法第二十五條第一項之性騷擾罪
強制罪,119,,強制罪 | 強制未遂罪 | 傷害罪及同法第304條第1項之強制罪
施用第一級毒品罪,113,,施用第一級毒品罪 | 施用第一級毒品罪及同條第2項之施用第二級毒品罪 | 施用第一級毒品罪及同條例第10條第2項之施用第二級毒品罪
3人以上共同詐欺取財罪,109,,3人以上共同詐欺取財罪 | 3人以上共同詐欺取財罪及違反洗錢防制法第14條第1項普通洗錢罪 | 3人以上共同詐欺取財罪及洗錢防制法第19條第1項後段之一般洗錢罪
業務侵占罪,108,,業務侵占罪 | 刑法第336條第2項之業務侵占罪 | 行所為係犯刑法第336條第2項之業務侵占罪
違反保護令罪,97,,違反保護令罪 | 跟蹤騷擾防制法第十九條之違反保護令罪 | 跟蹤騷擾罪及同法第19條之違反保護令罪
攜帶兇器竊盜罪,95,,攜帶兇器竊盜罪 | 攜帶兇器竊盜未遂罪 | 攜帶兇器竊盜罪及同法第354條之毀損罪
罪事實及理由一、本案犯罪,93,是,罪事實及理由一、本案犯罪
吐氣所含酒精濃度達每公升零點二五毫克以上而駕駛動力交通工具罪,91,,吐氣所含酒精濃度達每公升零點二五毫克以上而駕駛動力交通工具罪
論處之洗錢罪,90,,論處之洗錢罪 | 隱匿特定犯罪所得之去向而依同法第14條第1項論處之洗錢罪 | 隱匿特定犯罪所得之去向而依同法第14條第1項論處之洗錢罪及刑法第339條之4第1項第2款之三人以上共同犯詐欺取財罪
侵占離本人持有物罪,87,,侵占離本人持有物罪 | 刑法第337條侵占離本人持有物罪 | 刑法第337條之侵占離本人持有物罪
駕駛動力交通工具而有吐氣所含酒精濃度達每公升0.25毫克以上情形罪,83,,駕駛動力交通工具而有吐氣所含酒精濃度達每公升0.25毫克以上情形罪 | 刑法第185條之3第1項第1款駕駛動力交通工具而有吐氣所含酒精濃度達每公升0.25毫克以上情形罪
施用毒品不能安全駕駛動力交通工具罪,77,,施用毒品不能安全駕駛動力交通工具罪
非公務機關非法利用個人資料罪,73,,非公務機關非法利用個人資料罪 | 個人資料保護法第四十一條之非公務機關非法利用個人資料罪 | 違反同法第20條第1項之非公務機關非法利用個人資料罪
圖利聚眾賭博罪,65,,圖利聚眾賭博罪 | 圖利供給賭場罪及圖利聚眾賭博罪 | 前段之圖利供給賭博場所罪及同法第268條後段之圖利聚眾賭博罪
肇事致人傷害逃逸罪,64,,肇事致人傷害逃逸罪 | 前段之肇事致人傷害逃逸罪 | 前段之過失傷害罪及同法第185條之4第1項前段之肇事致人傷害逃逸罪
行確有犯罪,62,,行確有犯罪
販賣第三級毒品罪,56,,販賣第三級毒品罪 | 販賣第三級毒品未遂罪 | 幫助販賣第三級毒品罪
前四條之罪,56,,前四條之罪
詐欺犯罪,56,,詐欺犯罪 | 刑法第339條之4之詐欺犯罪
第19條、第20條之罪,54,,第19條、第20條之罪
行使偽造特種文書罪,53,,行使偽造特種文書罪
侵入住宅竊盜罪,52,,侵入住宅竊盜罪 | 刑法第321條第1項第1款侵入住宅竊盜罪 | 刑法第321條第1項第1款之侵入住宅竊盜罪
圖利媒介性交罪,50,,圖利媒介性交罪 | 前段之圖利媒介性交罪 | 刑法第231條第1項前段之圖利媒介性交罪
侵占罪,47,,侵占罪
妨害公務執行罪,46,,妨害公務執行罪 | 妨害公務執行罪及同法第277條第1項之傷害罪 | 前段之侮辱公務員罪及同法第135條第1項之妨害公務執行罪
圖利供給賭博場所罪,44,,前段之圖利供給賭博場所罪及同條後段之圖利聚眾賭博罪 | 前段之圖利供給賭博場所罪 | 圖利供給賭博場所罪
以網際網路對公眾散布而犯詐欺取財罪,43,,以網際網路對公眾散布而犯詐欺取財罪 | 刑法第339條之4第1項第3款之以網際網路對公眾散布而犯詐欺取財罪 | 刑法第339條之4第1項第3款以網際網路對公眾散布而犯詐欺取財罪
如本院附表「罪,43,是,如本院附表「罪
隱匿特定犯罪所得之去向而依同法第14條第1項論處之洗錢罪,43,,三人以上共同犯詐欺取財罪及洗錢防制法第2條第2款隱匿特定犯罪所得之去向而依同法第14條第1項論處之洗錢罪 | 三人以上共同犯詐欺取財罪及修正前洗錢防制法第2條第2款隱匿特定犯罪所得之去向而依同法第14條第1項論處之洗錢罪 | 三人以上共同詐欺取財罪及洗錢防制法第2條第2款隱匿特定犯罪所得之去向而依同法第14條第1項論處之洗錢罪
施用毒品致不能安全駕駛動力交通工具罪,43,,施用毒品致不能安全駕駛動力交通工具罪
跟蹤騷擾罪,42,,跟蹤騷擾罪 | 跟蹤騷擾防制法第十八條第一項之跟蹤騷擾罪 | 跟蹤騷擾罪及同法第19條之違反保護令罪
無故攝錄他人性影像罪,42,,無故攝錄他人性影像罪 | 無故攝錄他人性影像未遂罪 | 無故竊錄他人身體隱私部位罪及同法第319條之1第1項無故攝錄他人性影像罪
私運管制物品進口罪,42,,私運管制物品進口罪 | 運輸第二級毒品罪及懲治走私條例第2條第1項之私運管制物品進口罪 | 運輸第三級毒品罪及懲治走私條例第2條第1項之私運管制物品進口罪
持有第三級毒品純質淨重五公克以上罪,41,,持有第三級毒品純質淨重五公克以上罪 | 持有第二級毒品罪及同條例第11條第5項之持有第三級毒品純質淨重五公克以上罪
如附表所示罪,39,是,如附表所示罪
行使偽造準私文書罪,38,,行使偽造準私文書罪 | 幫助犯行使偽造準私文書罪
運輸第二級毒品罪,38,,運輸第二級毒品罪 | 運輸第二級毒品罪及懲治走私條例第2條第1項之私運管制物品進口罪 | 運輸第二級毒品未遂罪
：刑法上一行為而觸犯數罪,38,,：刑法上一行為而觸犯數罪
毀損罪,37,,毀損罪 | 攜帶兇器竊盜罪及同法第354條之毀損罪 | 竊盜罪及同法第354條之毀損罪
侵占離本人所持有之物罪,37,,侵占離本人所持有之物罪 | 刑法第337條之侵占離本人所持有之物罪
罪所得：按犯罪,37,是,罪所得：按犯罪
駕駛動力交通工具而有尿液所含毒品達行政院公告之品項及濃度值以上之情形罪,36,,駕駛動力交通工具而有尿液所含毒品達行政院公告之品項及濃度值以上之情形罪
罪所用之物：1、按犯詐欺犯罪,36,是,罪所用之物：1、按犯詐欺犯罪
組成之評價上數罪,35,,組成之評價上數罪
侵害數法益者皆成立犯罪,35,,侵害數法益者皆成立犯罪
剝奪他人行動自由罪,34,,剝奪他人行動自由罪 | 剝奪他人行動自由未遂罪 | 刑法第302條第1項之剝奪他人行動自由罪
強制猥褻罪,34,,強制猥褻罪 | 刑法第二百二十四條之強制猥褻罪
使公務員登載不實罪,34,,使公務員登載不實罪 | 利用不正當方法致使會計事項發生不實結果罪及刑法第214條之使公務員登載不實罪 | 利用不正方法致生不實罪及刑法第214條之使公務員登載不實罪
偽造有價證券罪,33,,偽造有價證券罪 | 偽造有價證券罪及第339條第1項之詐欺取財罪 | 偽造有價證券罪及第339條第2項之詐欺得利罪
侮辱公務員罪,33,,侮辱公務員罪 | 前段之侮辱公務員罪 | 侮辱公務員罪及刑法第309條第1項之公然侮辱罪
同條第2項之施用第二級毒品罪,32,,施用第一級毒品罪及同條第2項之施用第二級毒品罪
散布文字誹謗罪,32,,散布文字誹謗罪 | 公然侮辱罪及刑法第310條第2項之散布文字誹謗罪 | 散布文字誹謗罪及同法第309條第1項之公然侮辱罪
過失致人於死罪,31,,過失致人於死罪 | 刑法第276條之過失致人於死罪 | 罪及刑法第276條之過失致人於死罪
填製不實會計憑證罪,31,,商業會計法第七十一條第一款之填製不實會計憑證罪 | 填製不實會計憑證罪 | 商業會計法第七十一條第一款填製不實會計憑證罪
持有第三級毒品純質淨重5公克以上罪,30,,持有第三級毒品純質淨重5公克以上罪 | 持有第二級毒品罪及同法第11條第5項之持有第三級毒品純質淨重5公克以上罪 | 毒品危害防制條例第11條第5項之持有第三級毒品純質淨重5公克以上罪
三人以上共同冒用公務員名義詐欺取財罪,30,,三人以上共同冒用公務員名義詐欺取財罪 | 三人以上共同冒用公務員名義詐欺取財未遂罪 | 三人以上共同冒用公務員名義詐欺取財罪及洗錢防制法第19條第1項後段之一般洗錢罪
過失致死罪,30,,過失致死罪 | 過失致死罪及同法第284條前段之過失傷害罪 | 過失致死罪及職業安全衛生法第40條第1項之罪
犯洗錢罪,29,,後段之幫助犯洗錢罪
賭博罪,28,,賭博罪 | 後段之賭博罪 | 規定而犯同條例第22條之非法營業罪及刑法第266條第1項之賭博罪
侵入住宅罪,28,,侵入住宅罪 | 傷害罪及同法第306條第1項之侵入住宅罪 | 刑法第306條第1項之侵入住宅罪
圖利容留猥褻罪,27,,圖利容留猥褻罪 | 前段之圖利容留猥褻罪
背信罪,26,,背信罪 | 證券交易法第一百七十一條第一項第三款之背信罪 | 背信未遂罪
同條後段之圖利聚眾賭博罪,26,,前段之圖利供給賭博場所罪及同條後段之圖利聚眾賭博罪 | 前段之圖利供給賭場罪及同條後段之圖利聚眾賭博罪
未繳納股款罪,26,,前段之未繳納股款罪 | 公司法第九條第一項前段之未繳納股款罪 | 未繳納股款罪
偽造署押罪,26,,偽造署押罪 | 刑法第217條第1項之偽造署押罪
以網際網路賭博財物罪,25,,以網際網路賭博財物罪
轉讓禁藥罪,24,,轉讓禁藥罪 | 藥事法第八十三條第一項之轉讓禁藥罪 | 轉讓禁藥未遂罪
意圖販賣而持有第三級毒品罪,24,,意圖販賣而持有第三級毒品罪 | 後段之參與犯罪組織罪及毒品危害防制條例第5條第3項之意圖販賣而持有第三級毒品罪 | 幫助意圖販賣而持有第三級毒品罪
妨害兵役治罪,24,,妨害兵役治罪
在公共場所聚集三人以上下手實施強暴罪,24,,在公共場所聚集三人以上下手實施強暴罪 | 後段之在公共場所聚集三人以上下手實施強暴罪 | 後段在公共場所聚集三人以上下手實施強暴罪
以下各罪,24,,以下各罪
非法經營收受存款業務罪,23,,銀行法第一百二十五條第一項前段之非法經營收受存款業務罪 | 銀行法第一百二十五條第一項後段之非法經營收受存款業務罪 | 非法經營收受存款業務罪
加重誹謗罪,23,,加重誹謗罪 | 加重誹謗罪及個人資料保護法第41條之違反同法第20條第1項之非法利用個人資料罪 | 以網際網路張貼之方式供人觀覽猥褻影像罪及同法第310條第2項加重誹謗罪
非法持有非制式手槍罪,23,,非法持有非制式手槍罪 | 非法持有非制式手槍罪及同條例第12條第4項之非法持有子彈罪 | 非法持有非制式手槍罪及同條例第12條第4項之非法持有具殺傷力之子彈罪
加重詐欺取財罪,23,,刑法第339條之4第1項第2款之加重詐欺取財罪 | 加重詐欺取財罪 | 刑法第三百三十九條之四第一項第三款加重詐欺取財罪
而依同法第14條第1項論處之隱匿特定犯罪所得去向之洗錢罪,23,,詐欺取財罪及洗錢防制法第2條第2款而依同法第14條第1項論處之隱匿特定犯罪所得去向之洗錢罪 | 詐欺取財罪及修正前洗錢防制法第2條第2款而依同法第14條第1項論處之隱匿特定犯罪所得去向之洗錢罪
意圖營利供給賭博場所罪,23,,前段之意圖營利供給賭博場所罪及同條後段之意圖營利聚眾賭博罪 | 前段之意圖營利供給賭博場所罪 | 前段意圖營利供給賭博場所罪及同條後段意圖營利聚眾賭博罪
前4條之罪,22,,前4條之罪
恐嚇取財罪,22,,恐嚇取財罪 | 恐嚇取財未遂罪 | 恐嚇取財罪及同法第339條之2第1項之以不正方法由自動設備取得他人之物罪
持有第一級毒品罪,22,,持有第一級毒品罪 | 毒品危害防制條例第11條第1項之持有第一級毒品罪 | 持有第一級毒品罪及同條例第11條第2項持有第二級毒品罪
參與犯罪,22,,參與犯罪 | 罪防制條例第3條第1項後段之參與犯罪 | 罪條例第3條第1項後段之參與犯罪
意圖營利聚眾賭博罪,21,,意圖營利聚眾賭博罪 | 前段之在公共場所賭博財物罪及同法第268條後段之意圖營利聚眾賭博罪 | 後段之意圖營利聚眾賭博罪
非法利用個人資料罪,21,,個人資料保護法第四十一條之非法利用個人資料罪 | 非法利用個人資料罪 | 而犯個人資料保護法第41條之非法利用個人資料罪
洗錢之財物未達新臺幣一億元之洗錢罪,21,,後段之洗錢之財物未達新臺幣一億元之洗錢罪 | 三人以上共同詐欺取財罪及洗錢防制法第19條第1項後段之洗錢之財物未達新臺幣一億元之洗錢罪
等罪,21,是,刑法第339條之4第1項第2款等罪 | 行係犯刑法第339條之4第1項第2款等罪
非法由收費設備得利罪,20,,非法由收費設備得利罪
三人以上共同冒用政府機關及公務員名義詐欺取財罪,20,,三人以上共同冒用政府機關及公務員名義詐欺取財罪 | 三人以上共同冒用政府機關及公務員名義詐欺取財未遂罪
公然猥褻罪,20,,公然猥褻罪 | 刑法第234條第1項之公然猥褻罪
妨害公眾往來安全罪,20,,妨害公眾往來安全罪 | 妨害公眾往來安全罪及同法第304條第1項強制罪 | 妨害公眾往來安全罪及同法第354條之毀損罪
附表編號1、2「罪,19,是,附表編號1、2「罪
罪組織罪,19,是,罪組織罪
如附表一「罪,19,是,如附表一「罪
前2條之罪,18,,前2條之罪
行犯罪,18,,行犯罪
本件有期徒刑以上之罪,18,,本件有期徒刑以上之罪
運輸第三級毒品罪,18,,運輸第三級毒品罪 | 運輸第三級毒品罪及懲治走私條例第2條第1項之私運管制物品進口罪 | 幫助運輸第三級毒品罪
組織犯罪,18,,組織犯罪
吐氣所含酒精濃度達0.25毫克以上而駕駛動力交通工具罪,18,,吐氣所含酒精濃度達0.25毫克以上而駕駛動力交通工具罪
：按刑法上一行為而觸犯數罪,18,,：按刑法上一行為而觸犯數罪
、第339條第1項之幫助詐欺取財罪,17,,刑法第30條第1項前段、第339條第1項之幫助詐欺取財罪 | 刑法第30條、第339條第1項之幫助詐欺取財罪
強制性交罪,17,,強制性交罪 | 強制性交未遂罪
駕駛動力交通工具發生交通事故致人傷害逃逸罪,17,,前段之駕駛動力交通工具發生交通事故致人傷害逃逸罪 | 駕駛動力交通工具發生交通事故致人傷害逃逸罪 | 刑法第185條之4第1項前段之駕駛動力交通工具發生交通事故致人傷害逃逸罪
持有第三級毒品純質淨重五公克以上之罪,17,,持有第三級毒品純質淨重五公克以上之罪
非法辦理國內外匯兌業務罪,16,,銀行法第一百二十五條第一項前段之非法辦理國內外匯兌業務罪 | 銀行法第一百二十五條第一項後段之非法辦理國內外匯兌業務罪 | 前段之非法辦理國內外匯兌業務罪
圖利容留性交罪,16,,圖利容留性交罪 | 前段之圖利容留性交罪
偽證罪,16,,偽證罪 | 教唆偽證罪 | 侵占遺失物罪及同法第168條之偽證罪
誹謗罪,16,,誹謗罪 | 公然侮辱罪及同法第310條第1項之誹謗罪 | 誹謗罪及刑法第309條第1項之公然侮辱罪
普通竊盜罪,16,,普通竊盜罪
行有犯罪,16,,行有犯罪
侵占離本人持有之物罪,15,,侵占離本人持有之物罪
處罰之洗錢罪,15,,處罰之洗錢罪
過失致重傷害罪,15,,過失致重傷害罪 | 後段之過失致重傷害罪 | 後段過失致重傷害罪
施用第2級毒品罪,15,,施用第2級毒品罪
無正當理由交付、提供合計三個以上帳戶予他人使用罪,15,,無正當理由交付、提供合計三個以上帳戶予他人使用罪 | 洗錢防制法第二十二條第三項第二款之無正當理由交付、提供合計三個以上帳戶予他人使用罪 | 洗錢防制法第二十二條第三項第二款無正當理由交付、提供合計三個以上帳戶予他人使用罪
妨害役男徵兵處理罪,14,,妨害役男徵兵處理罪
罪所得」欄所示之犯罪,14,是,罪所得」欄所示之犯罪
：按共同實行犯罪,14,,：按共同實行犯罪
乘機性交罪,13,,乘機性交罪 | 乘機性交未遂罪
非公務機關未於蒐集特定目的必要範圍內利用個人資料罪,13,,個人資料保護法第四十一條之非公務機關未於蒐集特定目的必要範圍內利用個人資料罪 | 非公務機關未於蒐集特定目的必要範圍內利用個人資料罪 | 個人資料保護法第四十一條第一項之非公務機關未於蒐集特定目的必要範圍內利用個人資料罪
駕駛動力交通工具發生交通事故致人傷害而逃逸罪,13,,前段之駕駛動力交通工具發生交通事故致人傷害而逃逸罪 | 駕駛動力交通工具發生交通事故致人傷害而逃逸罪 | 前段之駕駛動力交通工具發生交通事故致人傷害而逃逸罪及同法第284條前段之過失傷害罪
施用毒品致不能安全駕駛而駕駛動力交通工具罪,13,,施用毒品致不能安全駕駛而駕駛動力交通工具罪
非法經營銀行業務罪,13,,銀行法第一百二十五條第一項前段之非法經營銀行業務罪 | 前段之非法經營銀行業務罪 | 銀行法第一百二十五條第一項後段之非法經營銀行業務罪
搶奪罪,13,,搶奪罪 | 搶奪未遂罪 | 強制罪及同法第325條第1項之搶奪罪
以不正方法由收費設備得利罪,13,,以不正方法由收費設備得利罪 | 以不正方法由收費設備得利罪及同法第339條之2第2項之以不正方法由自動付款設備得利罪
販賣第三級毒品而混合二種以上之毒品罪,13,,販賣第三級毒品而混合二種以上之毒品未遂罪 | 販賣第三級毒品而混合二種以上之毒品罪
有關供犯罪,13,,罪防制條例第48條有關供犯罪 | 罪危害防制條例第48條有關供犯罪
上開數罪,13,,上開數罪
之裁判上一罪,12,,之裁判上一罪
透過網路方式非法販賣侵害商標權之商品罪,12,,後段之透過網路方式非法販賣侵害商標權之商品罪 | 透過網路方式非法販賣侵害商標權之商品罪 | 商標法第九十七條之透過網路方式非法販賣侵害商標權之商品罪
前二條之罪,12,,前二條之罪
意圖供行使之用而攜帶兇器在公共場所聚集三人以上下手實施強暴罪,12,,意圖供行使之用而攜帶兇器在公共場所聚集三人以上下手實施強暴罪
罪心態與一般刑事犯罪,12,是,罪心態與一般刑事犯罪
行獲有犯罪,12,,行獲有犯罪
中之輕罪,12,,中之輕罪
罪預備之物或犯罪,12,是,罪預備之物或犯罪
非法由自動付款設備取財罪,12,,非法由自動付款設備取財罪 | 非法由自動付款設備取財未遂罪 | 非法由自動付款設備取財罪及洗錢防制法第14條第1項之一般洗錢罪
如附表所示之各罪,12,是,如附表所示之各罪
：共同實行犯罪,11,,：共同實行犯罪
乘機猥褻罪,11,,乘機猥褻罪
在公眾得出入之場所聚集三人以上下手實施強暴罪,11,,後段之在公眾得出入之場所聚集三人以上下手實施強暴罪 | 在公眾得出入之場所聚集三人以上下手實施強暴罪 | 後段之在公眾得出入之場所聚集三人以上下手實施強暴罪及刑法第305條之恐嚇危害安全罪
第l項之一般洗錢罪,11,,第l項之一般洗錢罪 | 第l項之詐欺取財罪及違反洗錢防制法第14條第l項之一般洗錢罪 | 第l項之詐欺取財罪及洗錢防制法第14條第l項之一般洗錢罪
逃漏稅捐罪,11,,幫助逃漏稅捐罪 | 幫助犯幫助逃漏稅捐罪 | 填製不實罪及修正前稅捐稽徵法第43條第1項之幫助逃漏稅捐罪
以不正方法由自動付款設備取得他人之物罪,11,,以不正方法由自動付款設備取得他人之物罪
罪所得欄所示之犯罪,11,是,罪所得欄所示之犯罪
上開2罪,11,,上開2罪
詐欺罪,11,,詐欺罪 | 填製不實會計憑證及刑法第339條第1項之詐欺罪 | 同法第339條詐欺罪
（洗錢防制法）前四條之罪,11,,（洗錢防制法）前四條之罪
輸入禁藥罪,10,,藥事法第八十二條第一項之輸入禁藥罪 | 輸入禁藥罪 | 輸入禁藥罪及同法第83條第1項之販賣禁藥罪
駕駛動力交通工具而吐氣所含酒精濃度達每公升0.25毫克以上罪,10,,駕駛動力交通工具而吐氣所含酒精濃度達每公升0.25毫克以上罪 | 刑法第185條之3第1項第1款駕駛動力交通工具而吐氣所含酒精濃度達每公升0.25毫克以上罪
如附表二所示各罪,10,是,如附表二所示各罪
誣告罪,10,,誣告罪 | 誣告罪及違反家庭暴力防治法第61條第1款之違反保護令罪
、第一項之洗錢罪,10,,洗錢防制法第十四條第二項、第一項之洗錢未遂罪 | 修正前洗錢防制法第十四條第二項、第一項之洗錢未遂罪 | 洗錢防制法第十九條第二項、第一項之洗錢未遂罪
利用不正當方法致使財務報表發生不實結果罪,10,,利用不正當方法致使財務報表發生不實結果罪 | 利用不正當方法致使財務報表發生不實結果罪及刑法第214條之使公務員登載不實罪 | 利用不正當方法致使財務報表發生不實結果罪及刑法第339條第1項之詐欺取財罪
非法持有子彈罪,10,,非法持有子彈罪 | 非法持有非制式手槍罪及同條例第12條第4項之非法持有子彈罪
3人以上共犯詐欺取財罪,10,,刑法第339條之4第1項第2款之3人以上共犯詐欺取財罪 | 3人以上共犯詐欺取財罪 | 歸定從一重論以刑法第339條之4第1項第2款之3人以上共犯詐欺取財罪
家庭暴力罪,10,,家庭暴力罪
無故侵入他人建築物罪,10,,無故侵入他人建築物罪 | 毀損他人物品罪及同法第306條第1項之無故侵入他人建築物罪 | 毀壞安全設備竊盜罪及同法第306條第1項之無故侵入他人建築物罪
（一般）洗錢罪,10,,幫助犯（一般）洗錢罪 | 詐欺取財罪及修正前洗錢防制法第14條第1項之（一般）洗錢罪 | 幫助（一般）洗錢罪
罪之罪,10,是,罪之罪
第l項後段之參與犯罪組織罪,9,,第l項後段之參與犯罪組織罪
非法經營證券業務罪,9,,幫助非法經營證券業務罪 | 證券交易法第一百七十五條第一項之非法經營證券業務罪 | 非法經營證券業務罪
第l項之詐欺取財罪,9,,第l項之詐欺取財罪及違反洗錢防制法第14條第l項之一般洗錢罪 | 第l項之詐欺取財罪及洗錢防制法第14條第l項之一般洗錢罪 | 刑法第339條第l項之詐欺取財罪
對於14歲以上未滿16歲之女子為性交罪,9,,對於14歲以上未滿16歲之女子為性交罪 | 製造少年為猥褻行為之電子訊號罪及刑法第227條第3項對於14歲以上未滿16歲之女子為性交罪
如附表「罪,9,是,如附表「罪
性侵害犯罪,9,,性侵害犯罪
未指定犯人誣告罪,9,,未指定犯人誣告罪
內線交易罪,9,,證券交易法第一百七十一條第一項第一款之內線交易罪 | 內線交易罪
透過網路方式販賣侵害商標權之商品罪,9,,後段之透過網路方式販賣侵害商標權之商品罪 | 商標法第九十七條之透過網路方式販賣侵害商標權之商品罪 | 商標法第九十七條後段之透過網路方式販賣侵害商標權之商品罪
加重詐欺罪,9,,加重詐欺罪
罪組織違反組織犯罪,9,是,罪組織違反組織犯罪
第l項本文後段之參與犯罪組織罪,9,,第l項本文後段之參與犯罪組織罪
三人以上共同以網際網路對公眾散布而犯詐欺取財罪,9,,三人以上共同以網際網路對公眾散布而犯詐欺取財罪 | 三人以上共同以網際網路對公眾散布而犯詐欺取財未遂罪 | 三人以上共同以網際網路對公眾散布而犯詐欺取財罪及洗錢防制法第19條第1項後段之一般洗錢罪
非法營業罪,9,,電子遊戲場業管理條例第二十二條之非法營業罪 | 非法營業罪 | 規定而犯同條例第22條之非法營業罪及刑法第266條第1項之賭博罪
三人以上共犯詐欺取財罪,9,,本件刑法第339條之4第1項第2款之三人以上共犯詐欺取財罪 | 刑法第339條之4第1項第2款之三人以上共犯詐欺取財罪 | 三人以上共犯詐欺取財罪
損壞公務員職務上掌管之物品罪,8,,損壞公務員職務上掌管之物品罪 | 刑法第138條之損壞公務員職務上掌管之物品罪
妨害醫事人員執行醫療業務罪,8,,妨害醫事人員執行醫療業務罪 | 公然侮辱罪及醫療法第106條第3項之妨害醫事人員執行醫療業務罪 | 醫療法第一百零六條第三項之妨害醫事人員執行醫療業務罪
附表編號1至3「罪,8,是,附表編號1至3「罪
恐嚇公眾罪,8,,恐嚇公眾罪
行使變造特種文書罪,8,,行使變造特種文書罪
持有第二級毒品純質淨重二十公克以上罪,8,,持有第二級毒品純質淨重二十公克以上罪
意圖販賣而持有第二級毒品罪,8,,意圖販賣而持有第二級毒品罪
對於十四歲以上未滿十六歲之女子為性交罪,8,,對於十四歲以上未滿十六歲之女子為性交罪
以明知為不實之事項而填製會計憑證罪,8,,以明知為不實之事項而填製會計憑證罪 | 商業會計法第71條第1款之以明知為不實之事項而填製會計憑證罪
駕駛動力交通工具妨害公務執行罪,8,,駕駛動力交通工具妨害公務執行罪 | 駕駛動力交通工具妨害公務執行罪及同法第277條第1項之傷害罪
駕駛動力交通工具而吐氣所含酒精濃度達每公升零點二五毫克以上罪,8,,駕駛動力交通工具而吐氣所含酒精濃度達每公升零點二五毫克以上罪
、第210條之行使偽造私文書罪,8,,刑法第216條、第210條之行使偽造私文書罪
同條後段之意圖營利聚眾賭博罪,8,,前段之意圖營利供給賭博場所罪及同條後段之意圖營利聚眾賭博罪
販賣第一級毒品罪,8,,販賣第一級毒品罪
之一罪,8,,之一罪
本件洗錢罪,8,,本件洗錢罪
後於偵查及本院準備程序、審判期日均自白詐欺犯罪,8,,後於偵查及本院準備程序、審判期日均自白詐欺犯罪
洗錢財物或財產上利益未達1億元之一般洗錢罪,8,,三人以上共同詐欺取財罪及洗錢防制法第19條第1項後段之洗錢財物或財產上利益未達1億元之一般洗錢罪 | 後段之洗錢財物或財產上利益未達1億元之一般洗錢罪 | 3人以上共同詐欺取財罪及洗錢防制法第19條第1項後段之洗錢財物或財產上利益未達1億元之一般洗錢罪
對於未滿14歲之女子為性交罪,7,,對於未滿14歲之女子為性交罪
輕罪即幫助詐欺取財罪,7,,輕罪即幫助詐欺取財罪
或過失犯罪,7,,或過失犯罪
製造第二級毒品罪,7,,製造第二級毒品罪 | 製造第二級毒品未遂罪 | 幫助製造第二級毒品罪
填製不實罪,7,,商業會計法第七十一條第一款之填製不實罪 | 填製不實罪 | 填製不實罪及修正前稅捐稽徵法第43條第1項之幫助逃漏稅捐罪
私行拘禁罪,7,,私行拘禁罪 | 傷害罪及刑法第302條第1項之私行拘禁罪
結夥三人以上攜帶兇器竊盜罪,7,,結夥三人以上攜帶兇器竊盜罪 | 結夥三人以上攜帶兇器竊盜未遂罪
拍攝少年性影像罪,7,,拍攝少年性影像罪 | 兒童及少年性剝削防制條例第三十六條第一項之拍攝少年性影像罪
罪事實具有想像競合犯之裁判上一罪,7,是,罪事實具有想像競合犯之裁判上一罪
論處之隱匿特定犯罪所得去向之洗錢罪,7,,論處之隱匿特定犯罪所得去向之洗錢罪 | 而依同法第14條第2項論處之隱匿特定犯罪所得去向之洗錢未遂罪 | 而依同法第14條第1項論處之隱匿特定犯罪所得去向之洗錢罪
圖利供給賭場罪,7,,前段之圖利供給賭場罪及同條後段之圖利聚眾賭博罪 | 圖利供給賭場罪及圖利聚眾賭博罪
踰越安全設備竊盜罪,7,,踰越安全設備竊盜罪 | 踰越安全設備竊盜罪及同法第354條之毀損罪
特別背信罪,7,,特別背信罪 | 證券交易法第一百七十一條第一項第三款之特別背信罪 | 前段之特別背信罪
對於公務員依法執行職務時施強暴罪,7,,對於公務員依法執行職務時施強暴罪
未經他人同意無故攝錄他人性影像罪,7,,未經他人同意無故攝錄他人性影像罪 | 未經他人同意無故攝錄他人性影像未遂罪
踰越窗戶竊盜罪,7,,踰越窗戶竊盜罪
本案有期徒刑以上之罪,7,,本案有期徒刑以上之罪
恐嚇罪,7,,恐嚇罪 | 刑法第305條之恐嚇罪
非法寄藏非制式手槍罪,7,,非法寄藏非制式手槍罪 | 非法寄藏非制式手槍罪及同條例第12條第4項之非法寄藏子彈罪
三人以上共同剝奪他人行動自由罪,7,,三人以上共同剝奪他人行動自由罪
無故侵入住宅罪,7,,無故侵入住宅罪 | 跟蹤騷擾罪及刑法第306條第1項之無故侵入住宅罪
擅自以公開傳輸之方法侵害他人之著作財產權罪,7,,擅自以公開傳輸之方法侵害他人之著作財產權罪 | 著作權法第九十二條之擅自以公開傳輸之方法侵害他人之著作財產權罪 | 著作權法第九十二條擅自以公開傳輸之方法侵害他人之著作財產權罪
非公務機關非法蒐集個人資料罪,7,,非公務機關非法蒐集個人資料罪 | 個人資料保護法第四十一條之非公務機關非法蒐集個人資料罪 | 違反同法第6條第1項之非法蒐集個人資料罪及違反同法第19條第1項之非公務機關非法蒐集個人資料罪
非法販賣侵害商標權之商品罪,7,,前段之非法販賣侵害商標權之商品罪 | 商標法第九十七條之非法販賣侵害商標權之商品罪 | 商標法第九十七條前段之非法販賣侵害商標權之商品罪
一般洗錢等罪,7,,後段之一般洗錢等罪 | 3人以上共同犯詐欺取財及洗錢防制法第19條第1項後段之一般洗錢等罪 | 三人以上共同犯詐欺取財及洗錢防制法第19條第1項後段之一般洗錢等罪
尿液所含毒品及其代謝物達行政院公告之品項及濃度值以上而駕駛動力交通工具罪,7,,尿液所含毒品及其代謝物達行政院公告之品項及濃度值以上而駕駛動力交通工具罪
駕駛動力交通工具而尿液所含毒品及其代謝物達行政院公告之品項及濃度值以上罪,7,,駕駛動力交通工具而尿液所含毒品及其代謝物達行政院公告之品項及濃度值以上罪 | 刑法第185條之3第1項第3款之駕駛動力交通工具而尿液所含毒品及其代謝物達行政院公告之品項及濃度值以上罪
施用毒品致不能安全駕駛罪,7,,施用毒品致不能安全駕駛罪
（組織犯罪,7,,（組織犯罪
無正當理由期約對價而提供帳戶予他人使用罪,7,,無正當理由期約對價而提供帳戶予他人使用罪 | 洗錢防制法第二十二條第三項第一款之無正當理由期約對價而提供帳戶予他人使用罪
服用酒類致不能安全駕駛動力交通工具罪,7,,服用酒類致不能安全駕駛動力交通工具罪
所處罰之性騷擾罪,6,,所處罰之性騷擾罪
以網際網路對公眾散布而詐欺取財罪,6,,以網際網路對公眾散布而詐欺取財罪
非法經營銀行收受存款業務罪,6,,銀行法第一百二十五條第一項前段之非法經營銀行收受存款業務罪 | 前段之非法經營銀行收受存款業務罪 | 前段之非法經營銀行收受存款業務罪及多層次傳銷管理法第29條第1項之非法多層次傳銷罪
侵害商標權罪,6,,商標法第九十五條第三款之侵害商標權罪 | 侵害商標權罪 | 商標法第九十五條第一款之侵害商標權罪
意圖使女子與他人為性交行為而媒介以營利罪,6,,前段之意圖使女子與他人為性交行為而媒介以營利罪 | 意圖使女子與他人為性交行為而媒介以營利罪
踰越門扇竊盜罪,6,,踰越門扇竊盜罪 | 侵入建築物罪及同法第321條第1項第2款之踰越門扇竊盜罪 | 踰越門扇竊盜未遂罪
如附表四編號1至2主文欄所示之貳罪,6,是,如附表四編號1至2主文欄所示之貳罪
本案施用第二級毒品罪,6,,本案施用第二級毒品罪
行使業務登載不實文書罪,6,,行使業務登載不實文書罪
三人以上加重詐欺取財罪,6,,三人以上加重詐欺取財罪
運輸第一級毒品罪,6,,運輸第一級毒品罪 | 運輸第一級毒品罪及懲治走私條例第2條第1項之私運管制物品進口罪
非法經營期貨交易業務罪,6,,期貨交易法第一百十二條第五項第三款之非法經營期貨交易業務罪 | 非法經營期貨交易業務罪 | 幫助非法經營期貨交易業務罪
非法經營期貨顧問事業罪,6,,期貨交易法第一百十二條第五項第五款之非法經營期貨顧問事業罪 | 非法經營期貨顧問事業罪
3人以上共同犯詐欺取財罪,6,,3人以上共同犯詐欺取財罪 | 3人以上共同犯詐欺取財罪及修正後洗錢防制法第19條第1項後段之一般洗錢罪
未經許可入國罪,6,,前段之未經許可入國罪 | 前段未經許可入國罪 | 未經許可入國罪
轉讓第一級毒品罪,6,,轉讓第一級毒品罪
：被告就起訴書犯罪,6,,：被告就起訴書犯罪
妨害投標罪,6,,妨害投標罪 | 政府採購法第八十七條第三項之妨害投標罪 | 政府採購法第八十七條第五項前段之妨害投標罪
附表編號1至4「罪,6,是,附表編號1至4「罪
未經許可持有非制式手槍罪,6,,未經許可持有非制式手槍罪
非法寄藏子彈罪,6,,非法寄藏子彈罪 | 非法寄藏非制式手槍罪及同條例第12條第4項之非法寄藏子彈罪
以違反本人意願之方法使少年被拍攝性影像罪,6,,以違反本人意願之方法使少年被拍攝性影像罪 | 以違反本人意願之方法使少年被拍攝性影像未遂罪
非法清除廢棄物罪,6,,前段之非法清除廢棄物罪 | 廢棄物清理法第四十六條第四款前段之非法清除廢棄物罪
過失傷害致人重傷罪,6,,過失傷害致人重傷罪 | 後段之過失傷害致人重傷罪
、第1項第2款之三人以上共同詐欺取財罪,6,,刑法第339條之4第2項、第1項第2款之三人以上共同詐欺取財未遂罪
非法持有刀械罪,6,,非法持有刀械罪
毀壞安全設備竊盜罪,6,,毀壞安全設備竊盜罪 | 毀壞安全設備竊盜未遂罪 | 毀壞安全設備竊盜罪及同法第306條第1項之無故侵入他人建築物罪
損壞他人物品罪,6,,損壞他人物品罪 | 傷害罪及同法第354條之損壞他人物品罪
尿液所含毒品代謝物達行政院公告之品項及濃度值以上而駕駛動力交通工具罪,6,,尿液所含毒品代謝物達行政院公告之品項及濃度值以上而駕駛動力交通工具罪
無故侵入他人住宅罪,6,,無故侵入他人住宅罪
罪危害防制條例所規定之詐欺犯罪,6,是,罪危害防制條例所規定之詐欺犯罪
（洗錢防制法）前4條之罪,6,,（洗錢防制法）前4條之罪
自白減刑：按犯詐欺犯罪,6,,罪危害防制條例第47條自白減刑：按犯詐欺犯罪
罪危害防制條例自白減刑之規定：按犯詐欺犯罪,6,是,罪危害防制條例自白減刑之規定：按犯詐欺犯罪
如附表各罪,6,是,如附表各罪
第14條之罪,5,,第14條之罪
係一行為觸犯數罪,5,,係一行為觸犯數罪
罪行為侵害數法益皆成立犯罪,5,是,罪行為侵害數法益皆成立犯罪
持有第三級毒品純質淨重5公克以上之罪,5,,持有第三級毒品純質淨重5公克以上之罪
意圖販賣而持有第二級毒品而混合二種以上毒品罪,5,,意圖販賣而持有第二級毒品而混合二種以上毒品罪
侵入建築物罪,5,,侵入建築物罪 | 侵入建築物罪及同法第321條第1項第2款之踰越門扇竊盜罪 | 竊盜罪及同法第306條第1項之侵入建築物罪
他人逃漏稅捐罪,5,,幫助他人逃漏稅捐罪 | 填製不實會計憑證罪及修正前稅捐稽徵法第43條第1項之幫助他人逃漏稅捐罪 | 商業負責人填製不實會計憑證罪及修正前稅捐稽徵法第43條第1項之幫助他人逃漏稅捐罪
意圖營利供給賭博場所及同條後段之意圖營利聚眾賭博罪,5,,前段之意圖營利供給賭博場所及同條後段之意圖營利聚眾賭博罪 | 前段意圖營利供給賭博場所及同條後段之意圖營利聚眾賭博罪
轉讓偽藥罪,5,,轉讓偽藥罪 | 藥事法第八十三條第一項之轉讓偽藥罪
毀越門窗竊盜罪,5,,毀越門窗竊盜罪 | 毀越門窗竊盜未遂罪
非公務機關未於蒐集之特定目的必要範圍內利用個人資料罪,5,,違反同法第20條第1項之非公務機關未於蒐集之特定目的必要範圍內利用個人資料罪 | 非公務機關未於蒐集之特定目的必要範圍內利用個人資料罪
販賣第三級毒品而混合二種以上毒品罪,5,,販賣第三級毒品而混合二種以上毒品未遂罪 | 販賣第三級毒品而混合二種以上毒品罪
罪事實及理由一、犯罪,5,是,罪事實及理由一、犯罪
非法以電腦相關設備製作不實財產權取得紀錄得利罪,5,,非法以電腦相關設備製作不實財產權取得紀錄得利罪 | 刑法第339條之3第2項之非法以電腦相關設備製作不實財產權取得紀錄得利罪
收受贓物罪,5,,收受贓物罪 | 刑法第349條第1項之收受贓物罪
透過網路方式非法販賣侵害商標權商品罪,5,,後段之透過網路方式非法販賣侵害商標權商品罪 | 後段之透過網路方式非法販賣侵害商標權商品罪及刑法第339條之4第1項第3款之以網際網路對公眾散布而犯詐欺取財罪 | 後段之透過網路方式非法販賣侵害商標權商品罪及刑法第339條第1項之詐欺取財罪
罪條例罪,5,是,罪條例罪
招募他人加入犯罪組織罪,5,,招募他人加入犯罪組織罪
參與犯罪組織等罪,5,,後段之參與犯罪組織等罪
販賣禁藥罪,5,,販賣禁藥罪 | 輸入禁藥罪及同法第83條第1項之販賣禁藥罪 | 輸入禁藥罪及藥事法第83條第1項之販賣禁藥罪
如附表四編號1至4主文欄所示之肆罪,5,是,如附表四編號1至4主文欄所示之肆罪
行均有犯罪,5,,行均有犯罪
非法經營期貨經理事業罪,5,,期貨交易法第一百十二條第五項第五款之非法經營期貨經理事業罪 | 非法經營期貨經理事業罪
無故以電磁紀錄竊錄他人非公開之活動罪,5,,無故以電磁紀錄竊錄他人非公開之活動罪 | 刑法第315條之1第2款之無故以電磁紀錄竊錄他人非公開之活動罪
行使變造準私文書罪,5,,行使變造準私文書罪
在公眾得出入之場所賭博罪,5,,在公眾得出入之場所賭博罪 | 前段之在公眾得出入之場所賭博罪
普通傷害罪,5,,普通傷害罪 | 公然侮辱罪及同法第277條第1項之普通傷害罪
利用不正當方法致使會計事項發生不實結果罪,5,,利用不正當方法致使會計事項發生不實結果罪及刑法第214條之使公務員登載不實罪 | 利用不正當方法致使會計事項發生不實結果罪 | 利用不正當方法致使會計事項發生不實結果罪及刑法第214條使公務員登載不實罪
高買證券罪,5,,證券交易法第一百七十一條第一項第一款之高買證券罪 | 證券交易法第一百七十一條第二項之高買證券罪
第10條之罪,5,,第10條之罪
故買贓物罪,5,,故買贓物罪
殺人罪,5,,殺人罪 | 殺人未遂罪
同條後段意圖營利聚眾賭博罪,5,,前段意圖營利供給賭博場所罪及同條後段意圖營利聚眾賭博罪
罪所用、犯罪,5,是,罪所用、犯罪
以網際網路對公眾散布詐欺取財罪,5,,以網際網路對公眾散布詐欺取財罪 | 刑法第339條之4第1項第3款之以網際網路對公眾散布詐欺取財罪
如附表三編號1至3主文欄所示之參罪,5,是,如附表三編號1至3主文欄所示之參罪
駕駛動力交通工具而尿液所含毒品達行政院公告之品項及濃度值以上罪,5,,駕駛動力交通工具而尿液所含毒品達行政院公告之品項及濃度值以上罪
罪所用之物：按犯詐欺犯罪,5,是,罪所用之物：按犯詐欺犯罪
本件違反洗錢防制法部分洗錢罪,5,,本件違反洗錢防制法部分洗錢罪
指揮犯罪組織罪,5,,前段之指揮犯罪組織罪 | 指揮犯罪組織罪及參與犯罪組織罪
行所犯上開參與犯罪,5,,行所犯上開參與犯罪
駕駛動力交通工具而尿液所含毒品代謝物達行政院公告之品項及濃度值以上罪,5,,駕駛動力交通工具而尿液所含毒品代謝物達行政院公告之品項及濃度值以上罪
恐嚇危安罪,5,,恐嚇危安罪
如附表三編號1至2主文欄所示之貳罪,5,是,如附表三編號1至2主文欄所示之貳罪
對於未滿十四歲之女子為性交罪,4,,對於未滿十四歲之女子為性交罪
行使變造私文書罪,4,,行使變造私文書罪
本件為有期徒刑以上之罪,4,,本件為有期徒刑以上之罪
無故竊錄他人非公開活動及身體隱私部位罪,4,,無故竊錄他人非公開活動及身體隱私部位罪
妨害公務罪,4,,妨害公務罪 | 妨害公務罪及同法第277條第1項之傷害罪
重傷害罪,4,,重傷害罪
之犯罪,4,是,之犯罪
、第212條之行使偽造特種文書罪,4,,刑法第216條、第212條之行使偽造特種文書罪
如附表一所示各罪,4,是,如附表一所示各罪
起訴書犯罪,4,,起訴書犯罪
頂替罪,4,,頂替罪
參與犯罪組織罪,4,,後段之參與犯罪組織罪
如附表四編號1至10主文欄所示之拾罪,4,是,如附表四編號1至10主文欄所示之拾罪
如附表一編號1至2所示各罪,4,是,如附表一編號1至2所示各罪
第3條之罪,4,,第3條之罪
第3條、第6條之1之罪,4,,第3條、第6條之1之罪
上開二罪,4,,上開二罪
損害債權罪,4,,損害債權罪
汽車駕駛人駕駛執照經註銷駕車致過失傷害罪,4,,汽車駕駛人駕駛執照經註銷駕車致過失傷害罪
成年人故意對少年犯性騷擾罪,4,,前段之成年人故意對少年犯性騷擾罪 | 成年人故意對少年犯性騷擾罪
、第一項之一般洗錢罪,4,,洗錢防制法第十四條第二項、第一項之一般洗錢未遂罪 | 修正前洗錢防制法第十四條第二項、第一項之一般洗錢未遂罪
妨害徵集罪,4,,妨害徵集罪
汽車駕駛人未領有駕駛執照駕車致過失傷害罪,4,,汽車駕駛人未領有駕駛執照駕車致過失傷害罪
罪所用之物：按供犯罪,4,是,罪所用之物：按供犯罪
罪行為之不法與罪,4,是,罪行為之不法與罪
強暴侮辱罪,4,,強暴侮辱罪
毀損文書罪,4,,毀損文書罪
罪前案紀錄之素行（參卷附臺灣高等法院被告前案紀錄表）、犯罪,4,是,罪前案紀錄之素行（參卷附臺灣高等法院被告前案紀錄表）、犯罪
買賣人口罪,4,,買賣人口罪 | 買賣人口未遂罪 | 買賣人口罪及同法第297條第1項之圖利以詐術使人出國罪
毀損器物罪,4,,公然侮辱罪及刑法第354條之毀損器物罪 | 竊盜罪及刑法第354條之毀損器物罪 | 竊盜罪及同法第354條毀損器物罪
規定所成立之違法收受存款罪,4,,規定所成立之違法收受存款罪
如附表一編號1至3、附表二編號1至10所示各罪,4,是,如附表一編號1至3、附表二編號1至10所示各罪
未經許可持有刀械罪,4,,未經許可持有刀械罪 | 槍砲彈藥刀械管制條例第14條第3項之未經許可持有刀械罪
非法執行醫療業務罪,4,,醫師法第二十八條前段之非法執行醫療業務罪 | 前段之非法執行醫療業務罪 | 非法執行醫療業務罪
三人共同犯詐欺取財罪,4,,三人共同犯詐欺取財罪
冒用政府機關及公務員名義詐欺取財罪,4,,冒用政府機關及公務員名義詐欺取財罪
規定之罪,4,,法人之其他從業人員因執行職務5年內再違反同法第44條規定之罪 | 法人之代表人因執行業務違反同法第57條第1款後段規定之罪 | 規定之罪
三人以上共同詐欺得利罪,4,,三人以上共同詐欺得利罪 | 三人以上共同詐欺得利未遂罪
結夥三人以上竊盜罪,4,,結夥三人以上竊盜罪
汽車駕駛人未領有駕駛執照駕車過失傷害罪,4,,汽車駕駛人未領有駕駛執照駕車過失傷害罪
過失致重傷罪,4,,過失致重傷罪 | 後段之過失致重傷罪
致令他人物品不堪用罪,4,,致令他人物品不堪用罪
踰越窗戶侵入住宅竊盜罪,4,,踰越窗戶侵入住宅竊盜罪
侵害著作財產權罪,4,,著作權法第九十一條第一項之侵害著作財產權罪 | 著作權法第九十一條之侵害著作財產權罪 | 著作權法第九十一條之一之侵害著作財產權罪
毀損債權罪,4,,毀損債權罪
買賣護照罪,4,,買賣護照罪 | 參與犯罪組織罪及護照條例第29條第1款之買賣護照罪 | 參與犯罪組織罪嫌及護照條例第29條第1款之買賣護照罪
施用毒品犯行之罪,4,,施用毒品犯行之罪
盜用他人電信設備通信罪,4,,盜用他人電信設備通信罪 | 電信法第五十六條第一項之盜用他人電信設備通信罪
以詐術使開標發生不正確結果罪,4,,政府採購法第八十七條第三項之以詐術使開標發生不正確結果罪 | 以詐術使開標發生不正確結果罪 | 政府採購法第八十七條第三項以詐術使開標發生不正確結果罪
無律師證書意圖營利而辦理訴訟事件罪,4,,無律師證書意圖營利而辦理訴訟事件罪 | 無律師證書意圖營利而辦理訴訟事件罪及刑法第339條第1項之詐欺取財罪
持有純質淨重五公克以上之第三級毒品罪,4,,持有純質淨重五公克以上之第三級毒品罪
服用毒品尿液所含代謝物達行政院公告之品項及濃度值以上仍駕駛動力交通工具罪,4,,服用毒品尿液所含代謝物達行政院公告之品項及濃度值以上仍駕駛動力交通工具罪
尿液或血液所含毒品達行政院公告之品項及濃度值以上而駕駛動力交通工具罪,4,,尿液或血液所含毒品達行政院公告之品項及濃度值以上而駕駛動力交通工具罪
罪所用設備對境內之人犯罪,4,是,罪所用設備對境內之人犯罪
罪組織而犯上開複合手段之罪,4,是,罪組織而犯上開複合手段之罪
行取得犯罪,4,,行取得犯罪
放火燒燬他人所有物罪,4,,放火燒燬他人所有物罪
、第216條之行使偽造私文書罪,4,,刑法第210條、第216條之行使偽造私文書罪 | 有刑法第210條、第216條之行使偽造私文書罪 | 行僅係犯刑法第210條、第216條之行使偽造私文書罪
本條例詐欺犯罪,4,,本條例詐欺犯罪
販賣第四級毒品罪,4,,販賣第四級毒品未遂罪
如附表四編號1至11主文欄所示之拾壹罪,4,是,如附表四編號1至11主文欄所示之拾壹罪
一般洗錢罪等罪,4,,後段之一般洗錢罪等罪 | 後段之幫助一般洗錢罪等罪 | 一般洗錢罪等罪
3人以上共犯詐欺取財等罪,4,,刑法第339條之4第1項第2款之3人以上共犯詐欺取財等罪 | 本件刑法第339條之4第1項第2款之3人以上共犯詐欺取財等罪
罪所得部分：1、按犯罪,3,是,罪所得部分：1、按犯罪
罪行為人之犯罪,3,是,罪行為人之犯罪
透過網路非法販賣侵害商標權之商品罪,3,,商標法第九十七條後段透過網路非法販賣侵害商標權之商品罪
非法經銀行營收受存款業務罪,3,,非法經銀行營收受存款業務罪
、第339條第1項幫助詐欺取財罪,3,,刑法第30條第1項前段、第339條第1項幫助詐欺取財罪 | 刑法第30條、第339條第1項幫助詐欺取財罪
規定而犯同法第14條第1項之一般洗錢罪,3,,詐欺取財罪及違反洗錢防制法第2條第2款規定而犯同法第14條第1項之一般洗錢罪
意圖供行使之用而偽造有價證券罪,3,,意圖供行使之用而偽造有價證券罪
以網際網路供人觀覽猥褻影像罪,3,,以網際網路供人觀覽猥褻影像罪
結夥三人以上攜帶兇器踰越牆垣竊盜罪,3,,結夥三人以上攜帶兇器踰越牆垣竊盜罪
持有第二級毒品純質淨重20公克以上之罪,3,,持有第二級毒品純質淨重20公克以上之罪
罪非難評價、各行為彼此間之偶發性、與被告前科之關聯性、各行為所侵害法益之專屬性或同一性、數罪,3,是,罪非難評價、各行為彼此間之偶發性、與被告前科之關聯性、各行為所侵害法益之專屬性或同一性、數罪
本件數罪,3,,本件數罪
非法為業務活動罪,3,,臺灣地區與大陸地區人民關係條例第九十三條之二第一項前段之非法為業務活動罪 | 前段之非法為業務活動罪
商業負責人填製不實會計憑證罪,3,,商業負責人填製不實會計憑證罪 | 商業負責人填製不實會計憑證罪及修正前稅捐稽徵法第43條第1項之幫助他人逃漏稅捐罪
毁損他人物品罪,3,,毁損他人物品罪
傷害致人重傷罪,3,,傷害致人重傷罪
利用職務上機會詐取財物罪,3,,利用職務上機會詐取財物罪
罪所用之物：1、按供犯罪,3,是,罪所用之物：1、按供犯罪
：按共同實施犯罪,3,,：按共同實施犯罪
商品虛偽標記罪,3,,商品虛偽標記罪
以網際網路張貼之方式供人觀覽猥褻影像罪,3,,以網際網路張貼之方式供人觀覽猥褻影像罪 | 以網際網路張貼之方式供人觀覽猥褻影像罪及同法第310條第2項加重誹謗罪
罪所得與犯罪,3,是,罪所得與犯罪
第4條、第6條之罪,3,,第4條、第6條之罪
其中之輕罪,3,,其中之輕罪
納稅義務人以不正當方法逃漏稅捐罪,3,,填製不實會計憑證罪以及修正前稅捐稽徵法第43條第1項之幫助納稅義務人以不正當方法逃漏稅捐罪 | 幫助納稅義務人以不正當方法逃漏稅捐罪 | 修正前稅捐稽徵法第四十三條第一項之幫助納稅義務人以不正當方法逃漏稅捐罪
利用不正方法致生不實罪,3,,利用不正方法致生不實罪及刑法第214條之使公務員登載不實罪 | 利用不正方法致生不實罪
散布侵害著作財產權之重製物罪,3,,散布侵害著作財產權之重製物罪 | 著作權法第九十一條之一第二項之散布侵害著作財產權之重製物罪
如附表四編號1至7主文欄所示之柒罪,3,是,如附表四編號1至7主文欄所示之柒罪
過失輸入禁藥罪,3,,過失輸入禁藥罪
非法以電腦相關設備製作不實財產權得喪紀錄得利罪,3,,非法以電腦相關設備製作不實財產權得喪紀錄得利罪
踰越牆垣竊盜罪,3,,踰越牆垣竊盜罪
罪類型變更之個別犯罪,3,是,罪類型變更之個別犯罪
非法經營期貨經理事業及其他期貨服務事業罪,3,,非法經營期貨經理事業及其他期貨服務事業罪 | 期貨交易法第一百十二條第五項第五款之非法經營期貨經理事業及其他期貨服務事業罪
詐偽罪,3,,詐偽罪 | 證券交易法第一百七十一條第一項第一款之詐偽罪 | 證券投資信託及顧問法第一百零五條第一項之詐偽罪
如附表四編號1至25主文欄所示之貳拾伍罪,3,是,如附表四編號1至25主文欄所示之貳拾伍罪
貳拾伍罪,3,,貳拾伍罪
如本判決附表「罪,3,是,如本判決附表「罪
侵入住居罪,3,,侵入住居罪
期約對價提供帳戶罪,3,,洗錢防制法第十五條之二第三項第一款之期約對價提供帳戶罪 | 期約對價提供帳戶罪
罪防制條例所稱犯罪,3,是,罪防制條例所稱犯罪
商業負責人明知為不實之事項而填製會計憑證罪,3,,商業負責人明知為不實之事項而填製會計憑證罪及修正前稅捐稽徵法第43條第1項之幫助納稅義務人逃漏稅捐罪 | 商業負責人明知為不實之事項而填製會計憑證罪
納稅義務人逃漏稅捐罪,3,,商業負責人明知為不實之事項而填製會計憑證罪及修正前稅捐稽徵法第43條第1項之幫助納稅義務人逃漏稅捐罪 | 幫助納稅義務人逃漏稅捐罪
侵入有人居住之建築物竊盜罪,3,,侵入有人居住之建築物竊盜罪
無故竊錄他人身體隱私部位罪,3,,無故竊錄他人身體隱私部位罪 | 無故竊錄他人身體隱私部位罪及同法第319條之1第1項無故攝錄他人性影像罪
肇事逃逸罪,3,,前段之肇事逃逸罪 | 肇事逃逸罪
妨害兵役罪,3,,妨害兵役罪
於公共場所非法攜帶刀械罪,3,,於公共場所非法攜帶刀械罪
於公共場所未經許可攜帶刀械罪,3,,於公共場所未經許可攜帶刀械罪
持有第二級毒品純質淨重20公克以上罪,3,,持有第二級毒品純質淨重20公克以上罪
駕駛動力交通工具肇事致人傷害逃逸罪,3,,駕駛動力交通工具肇事致人傷害逃逸罪
以詐術非法收集他人金融帳戶罪,3,,以詐術非法收集他人金融帳戶罪 | 三人以上共同詐欺取財罪及洗錢防制法第21條第1項第5款之以詐術非法收集他人金融帳戶罪
結夥三人以上攜帶兇器強盜罪,3,,結夥三人以上攜帶兇器強盜罪
毀棄損壞罪,3,,毀棄損壞罪 | 竊盜罪及同法第354條之毀棄損壞罪
行之罪,3,,行之罪
貪污治罪,3,,貪污治罪
意圖販賣而透過網路方式陳列侵害商標權之商品罪,3,,後段之意圖販賣而透過網路方式陳列侵害商標權之商品罪 | 商標法第九十七條後段之意圖販賣而透過網路方式陳列侵害商標權之商品罪
踰越門窗竊盜罪,3,,踰越門窗竊盜罪
非法多層次傳銷罪,3,,前段之非法經營銀行收受存款業務罪及多層次傳銷管理法第29條第1項之非法多層次傳銷罪 | 規定而犯同法第29條第1項非法多層次傳銷罪 | 多層次傳銷管理法第二十九條第一項之非法多層次傳銷罪
失火燒燬物品罪,3,,刑法第一百七十五條第三項之失火燒燬物品罪
3人以上共犯之加重詐欺取財罪,3,,3人以上共犯之加重詐欺取財罪
違反同法第二十條第一項規定利用個人資料罪,3,,個人資料保護法第四十一條之違反同法第二十條第一項規定利用個人資料罪
侵入有人居住建築物竊盜罪,3,,侵入有人居住建築物竊盜罪 | 刑法第321條第1項第1款之侵入有人居住建築物竊盜罪
行經法院論罪,3,,行經法院論罪
恐嚇得利罪,3,,恐嚇得利罪 | 恐嚇得利未遂罪
意圖販賣而持有第一級毒品罪,3,,意圖販賣而持有第一級毒品罪
行所犯洗錢罪,3,,行所犯洗錢罪
意圖販賣而持有第三級毒品而混合二種以上毒品罪,3,,意圖販賣而持有第三級毒品而混合二種以上毒品罪
攜帶兇器強盜罪,3,,攜帶兇器強盜罪 | 攜帶兇器強盜未遂罪
洗錢等罪,3,,洗錢等罪 | 違反同法第2條第2款之洗錢等罪 | 後段之幫助洗錢等罪
如附表一所示貳罪,3,是,如附表一所示貳罪
三人以上詐欺取財罪,3,,三人以上詐欺取財罪
過失傷害致重傷罪,3,,後段之過失傷害致重傷罪 | 後段之過失傷害致重傷罪及同法第185條之4第1項後段之肇事致人重傷逃逸罪
罪所得屬於犯罪,3,是,罪所得屬於犯罪
使公務員登載不實文書罪,3,,使公務員登載不實文書罪 | 圖利使大陸地區人民非法進入臺灣地區罪及刑法第214條之使公務員登載不實文書罪
攜帶兇器侵入住宅竊盜罪,3,,攜帶兇器侵入住宅竊盜未遂罪 | 攜帶兇器侵入住宅竊盜罪
非常規交易及同條項第3款之特別背信罪,3,,非常規交易及同條項第3款之特別背信罪
罪所得扣除和解金額之差額部分等未實際賠償之犯罪,3,是,罪所得扣除和解金額之差額部分等未實際賠償之犯罪
罪事實、罪,3,是,罪事實、罪
散布猥褻影像罪,3,,散布猥褻影像罪 | 散布少年性影像罪及刑法第235條第1項散布猥褻影像罪
偽造私文書罪,3,,偽造私文書罪
行論以參與犯罪,3,,行論以參與犯罪
行與參與犯罪,3,,行與參與犯罪
借用他人名義及證件投標罪,3,,前段之借用他人名義及證件投標罪 | 政府採購法第八十七條第五項前段之借用他人名義及證件投標罪
容許他人借用本人名義及證件參加投標罪,3,,後段之容許他人借用本人名義及證件參加投標罪 | 政府採購法第八十七條第五項後段之容許他人借用本人名義及證件參加投標罪
洗錢財物未達新臺幣一億元之洗錢罪,3,,三人以上共同詐欺取財罪及洗錢防制法第19條第1項後段之洗錢財物未達新臺幣一億元之洗錢罪 | 三人以上共同詐欺取財罪及修正後洗錢防制法第19條第1項後段之洗錢財物未達新臺幣一億元之洗錢罪
行部分具有想像競合犯之裁判上一罪,3,,行部分具有想像競合犯之裁判上一罪
之二犯罪,3,,之二犯罪
附表二編號1、2「罪,3,是,附表二編號1、2「罪
以不正方法由收費設備得財產上不法之利益罪,3,,以不正方法由收費設備得財產上不法之利益罪
本件詐欺犯罪,3,,本件詐欺犯罪
行所犯上開行使偽造私文書、三人以上共同詐欺取財罪,3,,行所犯上開行使偽造私文書、三人以上共同詐欺取財罪
行所犯上開行使偽造私文書、行使偽造特種文書、三人以上共同詐欺取財罪,3,,行所犯上開行使偽造私文書、行使偽造特種文書、三人以上共同詐欺取財罪
本件刑法第339之4第1項第2款之罪,3,,本件刑法第339之4第1項第2款之罪
意圖供行使之用而攜帶兇器在公共場所聚集三人以上首謀施強暴罪,3,,意圖供行使之用而攜帶兇器在公共場所聚集三人以上首謀施強暴罪
意圖供行使之用而攜帶兇器在公共場所聚集三人以上施強暴在場助勢罪,3,,意圖供行使之用而攜帶兇器在公共場所聚集三人以上施強暴在場助勢罪
使公務員登載不實罪（共1罪,3,,使公務員登載不實罪（共1罪
駕駛動力交通工具而尿液所含毒品及其代謝物達行政院公告之品項及濃度值以上之罪,3,,駕駛動力交通工具而尿液所含毒品及其代謝物達行政院公告之品項及濃度值以上之罪
意圖營利媒介外國人非法為他人工作罪,3,,意圖營利媒介外國人非法為他人工作罪
故意遺漏會計事項不為記錄致使財務報表發生不實結果罪,3,,故意遺漏會計事項不為記錄致使財務報表發生不實結果罪 | 商業會計法第七十一條第四款之故意遺漏會計事項不為記錄致使財務報表發生不實結果罪
加重詐欺取財及洗錢罪,3,,加重詐欺取財及洗錢罪
恐嚇公眾等罪,3,,恐嚇公眾等罪
以網際網路對公眾散布而犯詐欺得利罪,3,,以網際網路對公眾散布而犯詐欺得利罪
無故以錄影方法攝錄他人性影像者罪,3,,無故以錄影方法攝錄他人性影像者罪
私運管制物品等罪,3,,私運管制物品等罪
同法之一般洗錢罪,3,,同法之一般洗錢罪
減輕：被告幫助他人犯詐欺取財罪,3,,減輕：被告幫助他人犯詐欺取財罪
無故變更他人電腦相關設備之電磁紀錄罪,3,,非法由收費設備取財罪及同法第359條之無故變更他人電腦相關設備之電磁紀錄罪 | 無故變更他人電腦相關設備之電磁紀錄罪 | 無故變更他人電腦相關設備之電磁紀錄罪及同法第339條之3第1項之非法以電腦相關設備製作不實財產權得喪變更紀錄取財罪
駕駛動力交通工具而吐氣所含酒精濃度達每公升0.25毫克以上之罪,3,,駕駛動力交通工具而吐氣所含酒精濃度達每公升0.25毫克以上之罪 | 刑法第185條之3第1項第1款之駕駛動力交通工具而吐氣所含酒精濃度達每公升0.25毫克以上之罪
三人以上共同詐欺取財且詐欺獲取之財物達500萬元罪,3,,前段之三人以上共同詐欺取財且詐欺獲取之財物達500萬元罪
尿液所含毒品及代謝物達行政院公告之品項及濃度值以上而駕駛動力交通工具罪,3,,尿液所含毒品及代謝物達行政院公告之品項及濃度值以上而駕駛動力交通工具罪
、第一項後段之洗錢罪,3,,洗錢防制法第十九條第二項、第一項後段之洗錢未遂罪
販賣仿冒商標商品罪,3,,前段之販賣仿冒商標商品罪 | 商標法第九十七條前段販賣仿冒商標商品罪 | 商標法第九十七條前段之販賣仿冒商標商品罪
不遵停工命令罪,3,,負責人犯同法第34條第1項後段之不遵停工命令罪 | 不遵停工命令罪 | 水污染防治法第三十四條第一項後段之不遵停工命令罪
行並有共犯以網際網路等傳播工具對公眾散布之加重詐欺取財罪,3,,行並有共犯以網際網路等傳播工具對公眾散布之加重詐欺取財罪
：按聚眾施強暴脅迫罪,3,,：按聚眾施強暴脅迫罪
同一罪,3,,同一罪
本件加重詐欺取財罪,3,,本件加重詐欺取財罪
如附表一至附表十八所示加重詐欺罪,3,是,如附表一至附表十八所示加重詐欺罪
罪事實1、第1頁第1行：江富山參與犯罪,2,是,罪事實1、第1頁第1行：江富山參與犯罪
行所生之全部犯罪,2,,行所生之全部犯罪
：被告所犯上開各罪,2,,：被告所犯上開各罪
非公務機關非法蒐集利用個人資料罪,2,,個人資料保護法第四十一條之非公務機關非法蒐集利用個人資料罪
從事財產犯罪,2,,從事財產犯罪
刑事犯罪,2,,刑事犯罪
結夥三人以上踰越安全設備竊盜罪,2,,結夥三人以上踰越安全設備竊盜罪
引誘使少年製造猥褻行為之電子訊號罪,2,,引誘使少年製造猥褻行為之電子訊號罪
汽車駕駛人行經行人穿越道不依規定讓行人優先通行過失致人於死罪,2,,汽車駕駛人行經行人穿越道不依規定讓行人優先通行過失致人於死罪
非法以電腦製作不實財產權得喪紀錄得利罪,2,,非法以電腦製作不實財產權得喪紀錄得利罪
在營區賭博罪,2,,前段在營區賭博罪 | 陸海空軍刑法第七十五條第一項前段在營區賭博罪
業務過失傷害罪,2,,前段之業務過失傷害罪 | 業務過失傷害罪
規定非法利用個人資料罪,2,,違反同法第20條第1項規定非法利用個人資料罪
第354條毀損罪,2,,竊盜罪及第354條毀損罪 | 傷害罪及第354條毀損罪
附表編號1至3所示之罪,2,是,附表編號1至3所示之罪
規定加重之說明：查被告前因犯不能安全駕駛致交通危險罪,2,,規定加重之說明：查被告前因犯不能安全駕駛致交通危險罪
（所犯施用第二級毒品、過失傷害及洗錢罪,2,,（所犯施用第二級毒品、過失傷害及洗錢罪
罪質除施用第二級毒品與本件犯行之罪,2,是,罪質除施用第二級毒品與本件犯行之罪
至第8條、第10條或第11條之罪,2,,毒品危害防制條例第4條至第8條、第10條或第11條之罪
罪行為人原持有供己犯同條項所列各罪,2,是,罪行為人原持有供己犯同條項所列各罪
同條項所列之罪,2,,同條項所列之罪
行時間相近、罪,2,,行時間相近、罪
以藥劑強制性交罪,2,,以欺瞞之方式使人施用第三級毒品罪及刑法第222條第1項第4款之以藥劑強制性交罪 | 以藥劑強制性交罪
意圖供製造毒品之用而栽種大麻罪,2,,意圖供製造毒品之用而栽種大麻罪
轉讓第二級毒品罪,2,,轉讓第二級毒品罪
行、侵害罪,2,,行、侵害罪
為動機、被告犯罪,2,,為動機、被告犯罪
圖利提供賭博場所罪,2,,前段之圖利提供賭博場所罪
利用職務機會詐取財物罪,2,,利用職務機會詐取財物罪
屆期不履行身心治療或輔導教育罪,2,,屆期不履行身心治療或輔導教育罪
圖利供給賭博場所罪與圖利聚眾賭博罪,2,,圖利供給賭博場所罪與圖利聚眾賭博罪
罪所得」欄所示犯罪,2,是,罪所得」欄所示犯罪
非法經營全權委託投資業務罪,2,,非法經營全權委託投資業務罪 | 證券投資信託及顧問法第一百零七條第一款之非法經營全權委託投資業務罪
行所犯上開行使偽造私文書、三人以上共同犯詐欺取財及洗錢等罪,2,,行所犯上開行使偽造私文書、三人以上共同犯詐欺取財及洗錢等罪
製造少年為猥褻行為之電子訊號罪,2,,製造少年為猥褻行為之電子訊號罪 | 製造少年為猥褻行為之電子訊號罪及刑法第227條第3項對於14歲以上未滿16歲之女子為性交罪
在公眾得出入場所聚集三人以上下手實施強暴罪與同法第277條第1項之傷害罪,2,,後段之在公眾得出入場所聚集三人以上下手實施強暴罪與同法第277條第1項之傷害罪
變造會計憑證罪,2,,變造會計憑證罪 | 商業會計法第七十一條第三款之變造會計憑證罪
無駕駛執照駕車因過失傷害人罪,2,,無駕駛執照駕車因過失傷害人罪
罪（下稱本罪,2,是,罪（下稱本罪
罪所得之本質、來源、去向、所在、所有權、處分權或其他權益者為其犯罪,2,是,罪所得之本質、來源、去向、所在、所有權、處分權或其他權益者為其犯罪
）無償提供合計未達3個帳戶或帳號之行為人免除一般洗錢罪,2,,）無償提供合計未達3個帳戶或帳號之行為人免除一般洗錢罪
如附表罪,2,是,如附表罪
高買低賣證券罪,2,,證券交易法第一百七十一條第一項第一款之高買低賣證券罪
罪組織、招募他人加入犯罪,2,是,罪組織、招募他人加入犯罪
）第1項之罪,2,,前條（按即刑法第302條）第1項之罪
妨害自由罪,2,,行合與修正後新增訂之「三人以上並攜帶兇器共同犯刑法第302條第1項之妨害自由罪
第4條、第6條、第6條之一之罪,2,,第4條、第6條、第6條之一之罪
關係：被告就111年度偵字第26703號起訴書犯罪,2,,關係：被告就111年度偵字第26703號起訴書犯罪
：組織犯罪,2,,：組織犯罪
增訂招募他人加入犯罪,2,,罪防制條例第4條第1項增訂招募他人加入犯罪
加重詐欺取財及非法剝奪他人行動自由罪,2,,加重詐欺取財及非法剝奪他人行動自由罪
此部分罪,2,,此部分罪
附表編號3施用第二級毒品罪,2,是,附表編號3施用第二級毒品罪
附表編號1、2部分均為加重詐欺取財罪,2,是,附表編號1、2部分均為加重詐欺取財罪
附表編號1、2加重詐欺取財罪,2,是,附表編號1、2加重詐欺取財罪
罪所用部分：按供犯罪,2,是,罪所用部分：按供犯罪
罪所得部分：按犯罪,2,是,罪所得部分：按犯罪
中段之參與犯罪組織罪,2,,中段之參與犯罪組織罪
如附表六「罪,2,是,如附表六「罪
如附表二編號1至2主文欄所示之貳罪,2,是,如附表二編號1至2主文欄所示之貳罪
汽車駕駛人未領有駕駛執照駕車、行近行人穿越道不依規定讓行人優先通行過失傷害罪,2,,汽車駕駛人未領有駕駛執照駕車、行近行人穿越道不依規定讓行人優先通行過失傷害罪
行所犯數罪,2,,行所犯數罪
罪前案紀錄之素行（參卷附臺灣高等法院被告前案紀錄表）、所陳犯罪,2,是,罪前案紀錄之素行（參卷附臺灣高等法院被告前案紀錄表）、所陳犯罪
侵占脫離本人持有之物罪,2,,侵占脫離本人持有之物罪
為死刑、無期徒刑、最輕本刑為3年以上有期徒刑之罪,2,,為死刑、無期徒刑、最輕本刑為3年以上有期徒刑之罪
非公務機關非法蒐集處理個人資料罪,2,,違反同法第19條之非公務機關非法蒐集處理個人資料罪 | 非公務機關非法蒐集處理個人資料罪
駕駛動力交通工具而有吐氣所含酒精濃度達每公升0.25毫克以上情形之罪,2,,駕駛動力交通工具而有吐氣所含酒精濃度達每公升0.25毫克以上情形之罪
攜帶凶器跟蹤騷擾罪,2,,攜帶凶器跟蹤騷擾罪
販賣侵害商標權商品罪,2,,販賣侵害商標權商品罪 | 商標法第九十七條之販賣侵害商標權商品罪
傷害致重傷罪,2,,傷害致重傷罪
附表編號1至6「罪,2,是,附表編號1至6「罪
之妨害公眾往來安全罪,2,,之妨害公眾往來安全罪及刑法第305條之恐嚇危害安全罪 | 之妨害公眾往來安全罪及刑法第304條之強制罪
放火燒燬他人所有物致生公共危險罪,2,,放火燒燬他人所有物致生公共危險罪
業務上登載不實文書罪,2,,業務上登載不實文書罪
論以一罪,2,,論以一罪
洗錢罪（共67罪,2,,洗錢罪（共67罪
施用毒品罪,2,,施用毒品罪
罪前案紀錄之素行（卷附臺灣高等法院被告前案紀錄表）、犯罪,2,是,罪前案紀錄之素行（卷附臺灣高等法院被告前案紀錄表）、犯罪
毀越門竊盜罪,2,,毀越門竊盜罪
、集合犯仍為一罪,2,,、集合犯仍為一罪
散布文字圖畫誹謗罪,2,,散布文字圖畫誹謗罪
毀損安全設備侵入住宅竊盜罪,2,,毀損安全設備侵入住宅竊盜罪 | 毀損安全設備侵入住宅竊盜未遂罪
毀損他人之物罪,2,,毀損他人之物罪
透過網路方式販賣侵害商標權商品罪,2,,商標法第九十七條後段之透過網路方式販賣侵害商標權商品罪
罪而坐享犯罪,2,是,罪而坐享犯罪
罪行為人實際犯罪,2,是,罪行為人實際犯罪
違反同法第20條第1項之非法利用個人資料罪,2,,加重誹謗罪及個人資料保護法第41條之違反同法第20條第1項之非法利用個人資料罪
失火燒毀物品罪,2,,失火燒毀物品罪
論處之幫助洗錢罪,2,,幫助隱匿特定犯罪所得之去向而依同法第14條第1項論處之幫助洗錢罪 | 論處之幫助洗錢罪
規定：「犯前2條之罪,2,,規定：「犯前2條之罪
非法輸入醫療器材罪,2,,非法輸入醫療器材罪及同條第2項之販賣非法輸入之醫療器材罪 | 非法輸入醫療器材罪
販賣非法輸入之醫療器材罪,2,,醫療器材管理法第六十二條第二項之販賣非法輸入之醫療器材罪
毀損安全設備竊盜罪,2,,毀損安全設備竊盜罪
、第210條、第220條第2項之行使偽造準私文書罪,2,,刑法第216條、第210條、第220條第2項之行使偽造準私文書罪
填載不實會計憑證罪,2,,幫助犯填載不實會計憑證罪 | 填載不實會計憑證罪
成年人故意對少年犯傷害罪,2,,成年人故意對少年犯傷害罪
行間具有想像競合犯之裁判上一罪,2,,行間具有想像競合犯之裁判上一罪
行所犯上開行使偽造私文書、行使偽造特種文書、三人以上共同犯詐欺取財及洗錢等罪,2,,行所犯上開行使偽造私文書、行使偽造特種文書、三人以上共同犯詐欺取財及洗錢等罪
規定利用個人資料罪,2,,違反同法第20條第1項規定利用個人資料罪
意圖販賣而輸入侵害商標權之商品罪,2,,意圖販賣而輸入侵害商標權之商品罪 | 商標法第九十七條意圖販賣而輸入侵害商標權之商品罪
明知為不實之事項而填製會計憑證罪,2,,明知為不實之事項而填製會計憑證罪
附表編號1至14「罪,2,是,附表編號1至14「罪
法條欄記載被告就附表編號10部分犯行記載被告犯加重詐欺欺取財既遂罪,2,是,法條欄記載被告就附表編號10部分犯行記載被告犯加重詐欺欺取財既遂罪
行為為罪,2,,行為為未遂罪
規定加重說明：查被告前因犯不能安全駕駛之公共危險罪,2,,規定加重說明：查被告前因犯不能安全駕駛之公共危險罪
、第339條第3項第1項之幫助詐欺取財罪,2,,刑法第30條第1項前段、第339條第3項第1項之幫助詐欺取財未遂罪
結夥三人以上攜帶兇器強盜得利罪,2,,結夥三人以上攜帶兇器強盜得利罪
妨害職務執行罪,2,,妨害職務執行罪及同法第70條之當場侮辱罪 | 陸海空軍刑法第六十七條第一項之妨害職務執行罪
當場侮辱罪,2,,妨害職務執行罪及同法第70條之當場侮辱罪 | 陸海空軍刑法第七十條之當場侮辱罪
而僅論以一罪,2,,而僅論以一罪
夜間非法攜帶刀械罪,2,,夜間非法攜帶刀械罪
如附表一編號1至4、附表二編號1至21所示各罪,2,是,如附表一編號1至4、附表二編號1至21所示各罪
罪或與之共同實施犯罪,2,是,罪或與之共同實施犯罪
詐欺取財既遂罪,2,,詐欺取財既遂罪
擅自以公開傳輸方法侵害他人著作財產權罪,2,,擅自以公開傳輸方法侵害他人著作財產權罪
製造第二級毒品而混合二種以上毒品罪,2,,製造第二級毒品而混合二種以上毒品罪 | 幫助製造第二級毒品而混合二種以上毒品罪
行使變造公文書罪,2,,行使變造公文書罪
外國公司非法經營業務罪,2,,外國公司非法經營業務罪 | 公司法第三百七十一條第二項之外國公司非法經營業務罪
無故利用工具窺視他人非公開活動罪,2,,無故利用工具窺視他人非公開活動罪
無故取得他人電腦相關設備之電磁紀錄罪,2,,無故取得他人電腦相關設備之電磁紀錄罪 | 無故取得他人電腦相關設備之電磁紀錄罪及個人資料保護法第41條之違反同法第20條第1項之非公務機關非法利用個人資料罪
非法蒐集個人資料罪,2,,違反同法第6條第1項之非法蒐集個人資料罪及違反同法第19條第1項之非公務機關非法蒐集個人資料罪 | 個人資料保護法第四十一條之非法蒐集個人資料罪
使公司為不利益交易罪,2,,使公司為不利益交易罪
得承諾傷害本人成重傷罪,2,,後段之得承諾傷害本人成重傷罪 | 得承諾傷害本人成重傷罪
施用毒品致不能安全駕駛動力交通工具而駕駛罪,2,,施用毒品致不能安全駕駛動力交通工具而駕駛罪
毀越門扇竊盜罪,2,,毀越門扇竊盜罪
如附表一編號一至三所示參罪,2,是,如附表一編號一至三所示參罪
未實際繳納股款罪,2,,前段之未實際繳納股款罪 | 公司法第九條第一項前段之未實際繳納股款罪
如附表一所示之各罪,2,是,如附表一所示之各罪
使公務登載不實罪,2,,使公務登載不實罪
及第3項之販賣第三級毒品罪,2,,及第3項之販賣第三級毒品未遂罪
在公眾得出入之場所聚集三人以上實施強暴在場助勢罪,2,,前段之在公眾得出入之場所聚集三人以上實施強暴在場助勢罪 | 在公眾得出入之場所聚集三人以上實施強暴在場助勢罪
非法以電腦相關設備製作不實財產權得喪紀錄取財罪,2,,非法以電腦相關設備製作不實財產權得喪紀錄取財罪
如附表一編號1至4所示各罪,2,是,如附表一編號1至4所示各罪
第41條或第42條之罪,2,,第41條或第42條之罪
為一獨立之犯罪,2,是,：按稅捐稽徵法第43條第1項為一獨立之犯罪
該條之罪,2,,該條之罪
填製不實會計憑證及幫助他人逃漏稅捐罪,2,,填製不實會計憑證及幫助他人逃漏稅捐罪
上開各罪,2,,上開各罪
竊錄身體隱私部位罪,2,,竊錄身體隱私部位罪
如附表三編號1至4主文欄所示之肆罪,2,是,如附表三編號1至4主文欄所示之肆罪
圖利使大陸地區人民非法進入臺灣地區罪,2,,圖利使大陸地區人民非法進入臺灣地區罪及刑法第214條之使公務員登載不實文書罪 | 臺灣地區與大陸地區人民關係條例第七十九條第二項之圖利使大陸地區人民非法進入臺灣地區罪
以他法致生陸路往來危險罪,2,,以他法致生陸路往來危險罪及同法第304條第1項之強制罪 | 以他法致生陸路往來危險罪
過失致人受傷罪,2,,前段之過失致人受傷罪
罪所得及附表三所示之供犯罪,2,是,罪所得及附表三所示之供犯罪
竊佔罪,2,,竊佔罪
意型態、犯罪,2,,意型態、犯罪
如附表四編號1至8主文欄所示之捌罪,2,是,如附表四編號1至8主文欄所示之捌罪
於夜間在公共場所未經許可攜帶刀械罪,2,,於夜間在公共場所未經許可攜帶刀械罪
期約對價而無正當理由收集他人向金融機構申請開立之帳戶罪,2,,期約對價而無正當理由收集他人向金融機構申請開立之帳戶罪 | 洗錢防制法第十五條之一第一項第四款之期約對價而無正當理由收集他人向金融機構申請開立之帳戶罪
各罪之不法與罪,2,,各罪之不法與罪
罪類型相同、行為態樣、各罪,2,是,罪類型相同、行為態樣、各罪
罪之危害情況、刑罰規範之目的、所犯數罪,2,是,罪之危害情況、刑罰規範之目的、所犯數罪
後已將本件犯罪,2,是,後已將本件犯罪
雖同為施用第二級毒品罪,2,,雖同為施用第二級毒品罪
罪事實欄一（一）部分無罪,2,是,罪事實欄一（一）部分無罪
如本院附表一「罪,2,是,如本院附表一「罪
在公共場所賭博財物罪,2,,前段之在公共場所賭博財物罪及同法第268條後段之意圖營利聚眾賭博罪 | 前段之在公共場所賭博財物罪
本件追加起訴有期徒刑以上之罪,2,,本件追加起訴有期徒刑以上之罪
均為施用毒品犯罪,2,,均為施用毒品犯罪
如附表三編號1至5主文欄所示之伍罪,2,是,如附表三編號1至5主文欄所示之伍罪
散布少年性影像罪,2,,散布少年性影像罪及刑法第235條第1項散布猥褻影像罪 | 兒童及少年性剝削防制條例第38條第1項散布少年性影像罪
與未滿16歲之人為有對價之性交行為罪,2,,與未滿16歲之人為有對價之性交行為罪
攜帶兇器踰越安全設備竊盜罪,2,,攜帶兇器踰越安全設備竊盜罪
違反同法第20條第1項之非公務機關非法利用個人資料罪,2,,加重誹謗罪及個人資料保護法第41條第1項之違反同法第20條第1項之非公務機關非法利用個人資料罪 | 無故取得他人電腦相關設備之電磁紀錄罪及個人資料保護法第41條之違反同法第20條第1項之非公務機關非法利用個人資料罪
收回股款罪,2,,後段之收回股款罪 | 公司法第九條第一項後段之收回股款罪
引誘少年自行拍攝性影像罪,2,,引誘少年自行拍攝性影像罪
如附表一編號1至9所示各罪,2,是,如附表一編號1至9所示各罪
罪行為之不法、罪,2,是,罪行為之不法、罪
過失重傷害罪,2,,後段過失重傷害罪 | 過失重傷害罪
販賣未經核准擅自輸入之醫療器材罪,2,,販賣未經核准擅自輸入之醫療器材罪 | 醫療器材管理法第六十二條第一項之販賣未經核准擅自輸入之醫療器材罪
加害人屆期不履行罪,2,,加害人屆期不履行罪
如附表編號1至8「罪,2,是,如附表編號1至8「罪
放火燒燬住宅等以外之他人所有物罪,2,,放火燒燬住宅等以外之他人所有物罪
汽車駕駛人駕駛執照經註銷駕車過失傷害罪,2,,汽車駕駛人駕駛執照經註銷駕車過失傷害罪
規定部分：被告本件犯行係對正犯資以助力遂行一般洗錢罪,2,,規定部分：被告本件犯行係對正犯資以助力遂行一般洗錢罪
保全犯罪,2,,罪、保全犯罪
同條第2項之詐欺得利罪,2,,詐欺取財罪及同條第2項之詐欺得利罪
如附表三編號1至12所示之拾貳罪,2,是,如附表三編號1至12所示之拾貳罪
如附表編號1至3所示之參罪,2,是,如附表編號1至3所示之參罪
行使業務上登載不實文書罪,2,,行使業務上登載不實文書罪
、第三項之妨害投標罪,2,,政府採購法第八十七條第六項、第三項之妨害投標未遂罪
汽車駕駛人行近行人穿越道不依規定讓行人優先通行而過失傷害罪,2,,汽車駕駛人行近行人穿越道不依規定讓行人優先通行而過失傷害罪
無故入侵電腦設備罪,2,,無故入侵電腦設備罪
無故變更電磁紀錄罪,2,,無故變更電磁紀錄罪
無正當理由交付帳戶合計三個以上予他人使用罪,2,,無正當理由交付帳戶合計三個以上予他人使用罪 | 洗錢防制法第二十二條第三項第二款之無正當理由交付帳戶合計三個以上予他人使用罪
對於違背職務之行為收受賄賂罪,2,,對於違背職務之行為收受賄賂罪
公務員與非公務員共同犯對於主管及監督事務圖利罪,2,,公務員與非公務員共同犯對於主管及監督事務圖利罪
未經許可而持有非制式手槍等罪,2,,未經許可而持有非制式手槍等罪
無正當理由交付金融機構帳戶合計三個以上予他人使用罪,2,,無正當理由交付金融機構帳戶合計三個以上予他人使用罪
圖利供給賭博場所罪或圖利聚眾賭博罪,2,,圖利供給賭博場所罪或圖利聚眾賭博罪
無故入侵他人電腦相關設備罪,2,,無故入侵他人電腦相關設備罪及同法第315條之1第2款之無故以照相竊錄他人非公開談話罪 | 無故入侵他人電腦相關設備罪
對醫事人員以強暴脅迫之方法妨害其執行醫療業務罪,2,,對醫事人員以強暴脅迫之方法妨害其執行醫療業務罪 | 醫療法第一○六條第三項之對醫事人員以強暴脅迫之方法妨害其執行醫療業務罪
不正由收費設備得利罪,2,,不正由收費設備得利罪
如本判決末附表編號1所示之罪,2,是,如本判決末附表編號1所示之罪
如本判決末附表編號2所示之罪,2,是,如本判決末附表編號2所示之罪
如本判決末附表編號3所示之罪,2,是,如本判決末附表編號3所示之罪
如本判決末附表編號4所示之罪,2,是,如本判決末附表編號4所示之罪
如本判決末附表編號5所示之罪,2,是,如本判決末附表編號5所示之罪
冒用身分而使用他人遺失之國民身分證罪,2,,後段之冒用身分而使用他人遺失之國民身分證罪 | 戶籍法第七十五條第三項後段之冒用身分而使用他人遺失之國民身分證罪
對主管事務圖利罪,2,,對主管事務圖利罪
圖利引誘性交罪,2,,前段之圖利引誘性交罪 | 圖利引誘性交罪
而論以一罪,2,,而論以一罪
罪所得：1、按犯罪,2,是,罪所得：1、按犯罪
洗錢未遂等罪,2,,後段之洗錢未遂等罪
本件附表編號1至4所示洗錢罪,2,是,本件附表編號1至4所示洗錢罪
行所隱匿或掩飾之詐欺犯罪,2,,行所隱匿或掩飾之詐欺犯罪
行所犯三人以上共同詐欺取財罪,2,,行所犯三人以上共同詐欺取財罪
附表編號1至5「罪,2,是,附表編號1至5「罪
第十九條、第二十條之罪,2,,第十九條、第二十條之罪
後均未自動繳交全部犯罪,2,,後均未自動繳交全部犯罪
、第1項第2款等罪,2,,刑法第339條之4第2項、第1項第2款等罪
行與被告所犯其他犯行間具有裁判上一罪,2,,行與被告所犯其他犯行間具有裁判上一罪
罪危害防制條例規定：（1）按犯詐欺犯罪,2,是,罪危害防制條例規定：（1）按犯詐欺犯罪
三人以上共同以網際網路為傳播工具向公眾散布而犯詐欺取財罪,2,,三人以上共同以網際網路為傳播工具向公眾散布而犯詐欺取財罪
行使公務員登載不實公文書罪,2,,行使公務員登載不實公文書罪
非法以電腦製作不實財產權取得紀錄得利罪,2,,非法以電腦製作不實財產權取得紀錄得利罪
上開參與犯罪,2,,上開參與犯罪
前開3人以上共同詐欺取財罪,2,,前開3人以上共同詐欺取財罪
非法經營期貨顧問事業及其他期貨服務事業罪,2,,非法經營期貨顧問事業及其他期貨服務事業罪 | 期貨交易法第一百十二條第五項第五款之非法經營期貨顧問事業及其他期貨服務事業罪
無正當理由交付合計三個以上帳戶罪,2,,無正當理由交付合計三個以上帳戶罪 | 洗錢防制法第二十二條第三項第二款之無正當理由交付合計三個以上帳戶罪
以不正方法由自動付款設備得利罪,2,,以不正方法由收費設備得利罪及同法第339條之2第2項之以不正方法由自動付款設備得利罪 | 以不正方法由自動付款設備得利罪
非法由收費設備取財罪,2,,非法由收費設備取財罪 | 非法由收費設備取財罪及同法第359條之無故變更他人電腦相關設備之電磁紀錄罪
所稱之犯罪,2,是,罪防制條例第2條第1項所稱之犯罪
罪危害防制條例：按犯詐欺犯罪,2,是,罪危害防制條例：按犯詐欺犯罪
罪客體）因非屬犯罪,2,是,罪客體）因非屬犯罪
、第216條之行使偽造公文書、同法第339條之2第1項以不正方法由自動付款設備取得他人財物罪,2,,刑法第211條、第216條之行使偽造公文書、同法第339條之2第1項以不正方法由自動付款設備取得他人財物罪
後於偵查中及本院準備程序、審判期日均自白詐欺犯罪,2,,後於偵查中及本院準備程序、審判期日均自白詐欺犯罪
非法以電腦相關設備製作不實財產權得喪變更紀錄取財罪,2,,非法以電腦相關設備製作不實財產權得喪變更紀錄取財罪 | 無故變更他人電腦相關設備之電磁紀錄罪及同法第339條之3第1項之非法以電腦相關設備製作不實財產權得喪變更紀錄取財罪
如附表二「罪,2,是,如附表二「罪
所發之犯罪被害人保護命令罪,2,,無正當理由違反檢察官依同法第35條所發之犯罪被害人保護命令罪 | 所發之犯罪被害人保護命令罪
未達1億元之一般洗錢罪,2,,後段未達1億元之一般洗錢罪
損壞公務員職務上所掌管之物品罪,2,,損壞公務員職務上所掌管之物品罪
對依法執行職務之公務員施強暴罪,2,,對依法執行職務之公務員施強暴罪
行係從一重之三人以上共同詐欺取財罪,2,,行係從一重之三人以上共同詐欺取財未遂罪 | 行係從一重之三人以上共同詐欺取財罪
服用毒品致不能安全駕駛而駕駛動力交通工具罪,2,,服用毒品致不能安全駕駛而駕駛動力交通工具罪
非銀行不得經營收受存款業務罪,2,,前段之非銀行不得經營收受存款業務罪
後態度、前科素行、犯罪,2,,後態度、前科素行、犯罪
規定之「犯罪,2,,罪防制條例第2條規定之「犯罪
行之不法與罪,2,,行之不法與罪
利用網際網路對公眾犯詐欺取財罪,2,,利用網際網路對公眾犯詐欺取財罪
對連署人交付賄賂罪,2,,對連署人交付賄賂罪 | 總統副總統選舉罷免法第八十七條第一項第二款之對連署人交付賄賂罪
未經許可寄藏非制式手槍罪,2,,未經許可寄藏非制式手槍罪
詐欺取財及洗錢部分均無罪,2,,詐欺取財及洗錢部分均無罪
將國民身分證交付他人以供冒名使用罪,2,,前段之將國民身分證交付他人以供冒名使用罪 | 將國民身分證交付他人以供冒名使用罪
偽造幣券罪,2,,偽造幣券罪 | 妨害國幣懲治條例第3條第1項之偽造幣券罪
本件有期徒刑以上刑之罪,2,,本件有期徒刑以上刑之罪
及第4項之販賣第四級毒品罪,2,,及第4項之販賣第四級毒品未遂罪
如附表編號1至2所示各罪,2,是,如附表編號1至2所示各罪
如附表一主文欄所示各罪,2,是,如附表一主文欄所示各罪
販賣侵害商標權之商品罪,2,,後段之販賣侵害商標權之商品罪 | 商標法第九十七條後段販賣侵害商標權之商品罪
意圖使女子與他人為性交之行為而容留以營利之罪,2,,前段之意圖使女子與他人為性交之行為而容留以營利之罪
無故錄影他人性影像罪,2,,無故錄影他人性影像罪
結夥三人以上而犯竊盜罪,2,,結夥三人以上而犯竊盜罪
詐欺取財及幫助洗錢罪,2,,幫助詐欺取財及幫助洗錢罪
罪所得（新臺幣）」欄所示之犯罪,2,是,罪所得（新臺幣）」欄所示之犯罪
對連署人交付賄賂使其為特定被連署人連署罪,2,,對連署人交付賄賂使其為特定被連署人連署罪 | 總統副總統選舉罷免法第八十七條第一項第二款之對連署人交付賄賂使其為特定被連署人連署罪
罪危害防制條例規定：按犯詐欺犯罪,2,是,罪危害防制條例規定：按犯詐欺犯罪
不能安全駕駛之公共危險罪,2,,不能安全駕駛之公共危險罪
以違反本人意願之方法使兒童被拍攝性影像罪,2,,以違反本人意願之方法使兒童被拍攝性影像罪
無正當理由提供金融機構帳戶合計三個以上予他人使用罪,2,,洗錢防制法第二十二條第三項第二款之無正當理由提供金融機構帳戶合計三個以上予他人使用罪
加害人屆期不履行身心治療或輔導教育罪,2,,加害人屆期不履行身心治療或輔導教育罪
違反本人意願之方法使少年被拍攝性影像罪,2,,違反本人意願之方法使少年被拍攝性影像罪
對於醫事人員執行醫療業務時施強暴罪,2,,對於醫事人員執行醫療業務時施強暴罪
對醫事人員以強暴之方法妨害其執行醫療業務罪,2,,醫療法第一○六條第三項之對醫事人員以強暴之方法妨害其執行醫療業務罪 | 醫療法第106條第3項之對醫事人員以強暴之方法妨害其執行醫療業務罪
隱匿公務員職務上掌管之物品罪,2,,隱匿公務員職務上掌管之物品罪
如附表三所示貳罪,2,是,如附表三所示貳罪
如附表四所示壹罪,2,是,如附表四所示壹罪
如附表五所示參罪,2,是,如附表五所示參罪
如附表六所示貳罪,2,是,如附表六所示貳罪
意圖使女子與他人為猥褻之行為而容留以營利罪,2,,意圖使女子與他人為猥褻之行為而容留以營利罪
之兩犯罪,2,,之兩犯罪
、第1項之詐欺得利罪,2,,行並犯刑法第339條第2項、第1項之詐欺得利罪 | 刑法第339條第2項、第1項之詐欺得利罪
行從一重論以三人以上共同詐欺取財罪,2,,行從一重論以三人以上共同詐欺取財未遂罪
罪預備之物：1、按供犯罪,2,是,罪預備之物：1、按供犯罪
罪所得新臺幣貳萬貳仟陸佰元、黃譯緯未扣案之犯罪,2,是,罪所得新臺幣貳萬貳仟陸佰元、黃譯緯未扣案之犯罪
如附表五編號1至11主文欄所示之拾壹罪,2,是,如附表五編號1至11主文欄所示之拾壹罪
行確有取得犯罪,2,,行確有取得犯罪
行並涉犯洗錢罪,2,,行並涉犯洗錢罪
公司負責人以明知為不實之事項而填製會計憑證罪,2,,公司負責人以明知為不實之事項而填製會計憑證罪
普通詐欺罪,2,,罪即刑法第339條第1項之普通詐欺罪
第19條或第20條之罪,2,,第19條或第20條之罪
罪所得新臺幣陸仟伍佰元、陳冠霖犯罪,2,是,罪所得新臺幣陸仟伍佰元、陳冠霖犯罪
行使業務登載不實準文書罪,2,,行使業務登載不實準文書罪
後於偵查中、本院準備程序期日均自白犯罪,2,,後於偵查中、本院準備程序期日均自白犯罪
上開幫助詐欺取財罪,2,,上開幫助詐欺取財罪
罪所用之物：（1）按犯詐欺犯罪,2,是,罪所用之物：（1）按犯詐欺犯罪
前開三人以上共同詐欺取財罪,2,,前開三人以上共同詐欺取財罪
非法輸入罪,2,,非法輸入罪 | 植物防疫檢疫法第二十二條第一項之非法輸入罪
如附表四編號1至5主文欄所示之伍罪,2,是,如附表四編號1至5主文欄所示之伍罪
持有第一級毒品純質淨重十公克以上罪,2,,持有第一級毒品純質淨重十公克以上罪 | 持有第一級毒品純質淨重十公克以上罪及同條第2項之持有第二級毒品罪
附表一編號1至21「罪,2,是,附表一編號1至21「罪
附表二編號1至15「罪,2,是,附表二編號1至15「罪
之」之加重詐欺罪,2,,之」之加重詐欺罪
詐欺取財、詐欺得利既遂罪,2,,行認被告所為係犯刑法第339條第1項詐欺取財、詐欺得利既遂罪
加重詐欺取財、刑法第339條第1項之詐欺取財、刑法第339條第3項、第2項詐欺得利罪,2,,刑法第339條之4第1項第3款之加重詐欺取財、刑法第339條第1項之詐欺取財、刑法第339條第3項、第2項詐欺得利未遂罪
罪類型、侵害法益種類、罪,2,是,罪類型、侵害法益種類、罪
行均犯洗錢罪,2,,行均犯洗錢罪
以網際網路等傳播工具對公眾散布而共犯詐欺取財罪,2,,刑法第339條之4第1項第3款之以網際網路等傳播工具對公眾散布而共犯詐欺取財罪
附表甲所示之罪,2,是,附表甲所示之罪
在公眾得出入場所聚集三人以上下手實施強暴罪,2,,在公眾得出入場所聚集三人以上下手實施強暴罪
在公眾得出入之場所聚集3人以上施強暴之下手實施罪,2,,刑法第150條第1項後段之在公眾得出入之場所聚集3人以上施強暴之下手實施罪
侵入他人住宅罪,2,,侵入他人住宅罪
任何人不得媒介外國人非法為他人工作罪,2,,意圖營利而違反就業服務法第45條之任何人不得媒介外國人非法為他人工作罪 | 任何人不得媒介外國人非法為他人工作罪
非法清理廢棄物罪,2,,前段之非法清理廢棄物罪 | 廢棄物清理法第四十六條第四款前段之非法清理廢棄物罪
無正當理由期約對價而交付帳戶予他人使用罪,2,,無正當理由期約對價而交付帳戶予他人使用罪
明知他人持有擅自重製之營業秘密而洩漏罪,2,,營業秘密法第十三條之一第一項第四款之明知他人持有擅自重製之營業秘密而洩漏罪
擅自以重製之方法侵害他人之著作財產權罪,2,,擅自以重製之方法侵害他人之著作財產權罪
未經核准擅自輸入醫療器材罪,2,,未經核准擅自輸入醫療器材罪 | 醫療器材管理法第六十二條第一項之未經核准擅自輸入醫療器材罪
不合營業常規交易罪,2,,不合營業常規交易罪 | 不合營業常規交易罪及同條項第3款特別背信罪
意圖供行使之用而攜帶兇器在公共場所聚集三人以上實施強暴在場助勢罪,2,,意圖供行使之用而攜帶兇器在公共場所聚集三人以上實施強暴在場助勢罪
、第216條之行使偽造私文書、同法第339條之4第1項第2款三人以上共同詐欺取財罪,2,,刑法第210條、第216條之行使偽造私文書、同法第339條之4第1項第2款三人以上共同詐欺取財罪 | 行所犯上開刑法第210條、第216條之行使偽造私文書、同法第339條之4第1項第2款三人以上共同詐欺取財罪
申報不實罪,2,,申報不實罪 | 廢棄物清理法第四十八條之申報不實罪
以不正當方法逃漏稅捐罪,2,,以不正當方法逃漏稅捐罪 | 修正前稅捐稽徵法第四十一條之以不正當方法逃漏稅捐罪
三人以上共同以網際網路對公眾散布詐欺取財罪,2,,三人以上共同以網際網路對公眾散布詐欺取財未遂罪 | 三人以上共同以網際網路對公眾散布詐欺取財罪
五年內再違反聘僱未經許可及他人所申請聘雇之外國人罪,2,,後段之五年內再違反聘僱未經許可及他人所申請聘雇之外國人罪 | 就業服務法第六十三條第一項後段之五年內再違反聘僱未經許可及他人所申請聘雇之外國人罪
附表二「罪,2,是,附表二「罪
附表一編號1至3、12、13、18至22、27至35、39至41「罪,2,是,附表一編號1至3、12、13、18至22、27至35、39至41「罪
附表二編號1「罪,2,是,附表二編號1「罪
附表一編號3、12、13、22至30、38、40「罪,2,是,附表一編號3、12、13、22至30、38、40「罪
附表一編號1至36、38、39「罪,2,是,附表一編號1至36、38、39「罪
本件違反洗錢防制法洗錢罪,2,,本件違反洗錢防制法洗錢罪
收受對價而無正當理由提供帳戶罪,2,,收受對價而無正當理由提供帳戶罪 | 洗錢防制法第二十二條第三項第一款之收受對價而無正當理由提供帳戶罪
如附表二編號1至5所示之伍罪,2,是,如附表二編號1至5所示之伍罪
本件有期徒刑之罪,2,,本件有期徒刑之罪
業務過失致人於死罪,1,,業務過失致人於死罪
在公共場所聚集三人以上下手實施強暴脅迫罪,1,,後段之在公共場所聚集三人以上下手實施強暴脅迫罪
現役軍人犯乘機性交罪,1,,現役軍人犯乘機性交罪
罪所得除犯罪,1,是,罪所得除犯罪
該條之侵占遺失物罪,1,,該條之侵占遺失物罪
湮滅證據罪,1,,湮滅證據罪
行確有獲有犯罪,1,,行確有獲有犯罪
販賣第三級毒品罪（事實欄一㈠部分共6罪,1,,販賣第三級毒品罪（事實欄一㈠部分共6罪
攜帶凶器竊盜罪,1,,攜帶凶器竊盜罪
逃漏稅罪,1,,幫助逃漏稅罪
非法募集及發行有價證券罪,1,,非法募集及發行有價證券罪
詐欺取財、行使偽造公文書及掩飾、隱匿特定犯罪,1,,詐欺取財、行使偽造公文書及掩飾、隱匿特定犯罪
、第2款之三人以上共同冒用政府機關及公務員名義犯詐欺取財罪,1,,刑法第339條之4第1項第1款、第2款之三人以上共同冒用政府機關及公務員名義犯詐欺取財罪
：被告本件所犯三人以上共同冒用政府機關、公務員名義共同犯詐欺取財罪,1,,：被告本件所犯三人以上共同冒用政府機關、公務員名義共同犯詐欺取財罪
、第15條、第15條之1、第15條之2之罪,1,,洗錢防制法第14條、第15條、第15條之1、第15條之2之罪
行與被告被訴經本院論罪,1,,行與被告被訴經本院論罪
詐欺取財等犯行之罪,1,,詐欺取財等犯行之罪
減輕部分：被告幫助他人實行詐欺取財及洗錢之犯罪,1,是,減輕部分：被告幫助他人實行詐欺取財及洗錢之犯罪
對於14歲以上未滿16歲之女為性交罪,1,,對於14歲以上未滿16歲之女為性交罪
對於十四歲以上未滿十六歲之女為性交罪,1,,對於十四歲以上未滿十六歲之女為性交罪
、第一項之於他人保安林地內非法墾殖、占用罪,1,,森林法第五十一條第三項、第一項之於他人保安林地內非法墾殖、占用罪
發起人提供虛偽不實資料使受託機構於公開說明書為虛偽不實記載罪,1,,不動產證券化條例第五十九條第三款之發起人提供虛偽不實資料使受託機構於公開說明書為虛偽不實記載罪
聘僱他人所申請聘僱外國人之罪,1,,聘僱他人所申請聘僱外國人之罪
第339條第1項之詐欺取財罪,1,,偽造有價證券罪及第339條第1項之詐欺取財罪
第339條第2項之詐欺得利罪,1,,偽造有價證券罪及第339條第2項之詐欺得利罪
如附表二編號1至7「罪,1,是,如附表二編號1至7「罪
如附表編號1至2「罪,1,是,如附表編號1至2「罪
無故竊錄他人非公開活動罪,1,,無故竊錄他人非公開活動罪
散布竊錄他人非公開活動內容罪,1,,散布竊錄他人非公開活動內容罪
散布竊錄他人非公開活動所得電磁紀錄罪,1,,散布竊錄他人非公開活動所得電磁紀錄罪
人恃以犯罪,1,,人恃以犯罪
製造第三級毒品而混合兩種以上之毒品罪,1,,製造第三級毒品而混合兩種以上之毒品罪
以脅迫方式使少年自行拍攝性影像罪,1,,以脅迫方式使少年自行拍攝性影像未遂罪
詐欺銀行罪,1,,銀行法第一百二十五條之三第一項之詐欺銀行罪
以欺瞞之方式使人施用第三級毒品罪,1,,以欺瞞之方式使人施用第三級毒品罪及刑法第222條第1項第4款之以藥劑強制性交罪
如附表三編號1至8主文欄所示之捌罪,1,是,如附表三編號1至8主文欄所示之捌罪
使人犯隱避罪,1,,使人犯隱避罪
本案行使偽造特種文書罪,1,,本案行使偽造特種文書罪
非法持有可發射子彈具殺傷力之槍枝罪,1,,非法持有可發射子彈具殺傷力之槍枝罪
非法寄藏具殺傷力之子彈罪,1,,非法寄藏具殺傷力之子彈罪
如附表一編號1至編號45、如附表二編號1至編號11、編號13至編號18、如附表三編號1至編號5「罪,1,是,如附表一編號1至編號45、如附表二編號1至編號11、編號13至編號18、如附表三編號1至編號5「罪
罪行為為他罪,1,是,罪行為為他罪
罪行為之性質或結果當然包含他罪,1,是,罪行為之性質或結果當然包含他罪
「施用第二級毒品罪,1,,「施用第二級毒品罪
罪前案紀錄之素行（參卷附臺灣高等法院被告前案紀錄表）、本案犯罪,1,是,罪前案紀錄之素行（參卷附臺灣高等法院被告前案紀錄表）、本案犯罪
罪情狀、其犯罪,1,是,罪情狀、其犯罪
各罪彼此之關聯性、數罪,1,,各罪彼此之關聯性、數罪
本案施用第二級毒品、持有第一級毒品犯罪,1,,本案施用第二級毒品、持有第一級毒品犯罪
如附表編號1、3所示之數罪,1,是,如附表編號1、3所示之數罪
避免常備兵現役徵集罪,1,,避免常備兵現役徵集罪
侮辱依法執行職務之公務員罪,1,,侮辱依法執行職務之公務員罪
毀越門窗及安全設備而竊盜罪,1,,毀越門窗及安全設備而竊盜罪
罪所得新臺幣陸仟元、魏文俊犯罪,1,是,罪所得新臺幣陸仟元、魏文俊犯罪
監督事務圖利罪,1,,監督事務圖利罪
變造有價證券罪,1,,變造有價證券罪
數個相同罪,1,,數個相同罪
：被告本件犯行所為妨害醫療業務、傷害罪,1,,：被告本件犯行所為妨害醫療業務、傷害罪
行者作為收受、提領特定犯罪,1,,行者作為收受、提領特定犯罪
傷害致人重傷害罪,1,,後段之傷害致人重傷害罪
對於有投票權之人交付不正利益而約其投票權為一定之行使罪嫌部分諭知無罪,1,,對於有投票權之人交付不正利益而約其投票權為一定之行使罪嫌部分諭知無罪
行使公務員登載不實文書罪,1,,行使公務員登載不實文書罪
罪事實1、第1至3行：陳東銘（卷內無證據可認陳東銘參與犯罪,1,是,罪事實1、第1至3行：陳東銘（卷內無證據可認陳東銘參與犯罪
偽造文書罪,1,,偽造文書罪
洗錢防制法十四條第一項之洗錢罪,1,,洗錢防制法十四條第一項之洗錢罪
意圖販賣而陳列、持有侵害商標權之商品罪,1,,商標法第九十七條前段之意圖販賣而陳列、持有侵害商標權之商品罪
行收受犯罪,1,,行收受犯罪
如附表所示貳罪,1,是,如附表所示貳罪
乘機詐欺取財罪,1,,乘機詐欺取財罪
持有第二級毒品等罪,1,,持有第二級毒品等罪
如附表一編號1至10所示各罪,1,是,如附表一編號1至10所示各罪
交付帳戶罪,1,,交付帳戶罪
受禁止出國處分而出國罪,1,,入出國及移民法第74條前段之受禁止出國處分而出國罪
意圖妨礙主管機關檢查而偽造有關紀錄文件罪,1,,意圖妨礙主管機關檢查而偽造有關紀錄文件罪
駕駛動力交通工具血液中酒精濃度達百分之0.05以上情形罪,1,,駕駛動力交通工具血液中酒精濃度達百分之0.05以上情形罪
規定：「犯本法之罪,1,,規定：「犯本法之罪
行之犯後態度、前未經法院論罪,1,,行之犯後態度、前未經法院論罪
銀行職員背信且其犯罪所得達1億元以上罪,1,,後段之銀行職員背信且其犯罪所得達1億元以上罪
同條第5項之持有第三級毒品純質淨重五公克以上之罪,1,,持有第二級毒品罪及同條第5項之持有第三級毒品純質淨重五公克以上之罪
罪行為而用以處理犯罪,1,是,罪行為而用以處理犯罪
、證券交易法第175條第1項之幫助非法經營證券業務罪,1,,刑法第30條第1項前段、證券交易法第175條第1項之幫助非法經營證券業務罪
行而獲取任何犯罪,1,,行而獲取任何犯罪
供自己施用犯意圖供製造毒品之用而栽種大麻罪,1,,供自己施用犯意圖供製造毒品之用而栽種大麻罪
單純一罪,1,,單純一罪
（起訴書所犯法條欄誤載為第1款）之非法由自動付款設備取財罪,1,,（起訴書所犯法條欄誤載為第1款）之非法由自動付款設備取財罪
（起訴書所犯法條欄誤載為第2款）之以不正方法由收費設備得利罪,1,,（起訴書所犯法條欄誤載為第2款）之以不正方法由收費設備得利罪
原判決附表一編號2、3「主文」欄所示之罪,1,是,原判決附表一編號2、3「主文」欄所示之罪
如附表一編號1至4所示之肆罪,1,是,如附表一編號1至4所示之肆罪
竊錄非公開談話罪,1,,竊錄非公開談話罪
行傷害罪,1,,行傷害罪
本件傷害罪,1,,本件傷害罪
中段之發還股款罪,1,,中段之發還股款罪
、第四十一條之公務員假借職務上之機會非於法定職務必要範圍內蒐集及利用個人資料罪,1,,個人資料保護法第四十四條、第四十一條之公務員假借職務上之機會非於法定職務必要範圍內蒐集及利用個人資料罪
散布侵害著作財產權之光碟罪,1,,前段之散布侵害著作財產權之光碟罪
散布侵害著作財產權之重製光碟罪,1,,著作權法第九十一條之一第三項前段之散布侵害著作財產權之重製光碟罪
如附表五編號1至14主文欄所示之拾肆罪,1,是,如附表五編號1至14主文欄所示之拾肆罪
供自己施用犯意圖製造毒品之用而栽種大麻罪,1,,供自己施用犯意圖製造毒品之用而栽種大麻罪
意圖製造毒品之用而栽種大麻罪,1,,意圖製造毒品之用而栽種大麻罪
規定之特定犯罪,1,,規定之特定犯罪
意圖販賣而持有第三、四級毒品而混合二種以上之毒品罪,1,,意圖販賣而持有第三、四級毒品而混合二種以上之毒品罪
財務報表虛偽記載罪,1,,填製不實會計憑證罪及證券交易法第174條第1項第5款財務報表虛偽記載罪
如附表一、二「罪,1,是,如附表一、二「罪
實行跟蹤騷擾罪,1,,實行跟蹤騷擾罪
以不正指令輸入電腦相關設備製作財產權得喪紀錄得利罪,1,,以不正指令輸入電腦相關設備製作財產權得喪紀錄得利罪
非法以電腦相關設備製作不實財產得喪紀錄取財罪,1,,非法以電腦相關設備製作不實財產得喪紀錄取財罪
非法以電腦相關設備製作不實財產得喪紀錄得利罪,1,,非法以電腦相關設備製作不實財產得喪紀錄得利罪
強姦罪,1,,強姦罪
以強暴妨害公務執行罪,1,,以強暴妨害公務執行罪
以脅迫妨害公務執行罪,1,,以脅迫妨害公務執行罪
雖同為施用第一級毒品犯行之相同罪,1,,雖同為施用第一級毒品犯行之相同罪
該罪罪,1,,該罪罪
人在犯罪,1,,人在犯罪
罪權限之機關或人員確知其人犯罪,1,是,罪權限之機關或人員確知其人犯罪
罪之動機、目的、手段、犯罪,1,是,罪之動機、目的、手段、犯罪
駕駛動力交通工具而有其他情事足認服用酒類致不能安全駕駛罪,1,,駕駛動力交通工具而有其他情事足認服用酒類致不能安全駕駛罪
、第2項之非法由收費設備得利罪,1,,刑法第339條之1第1項、第2項之非法由收費設備得利罪
行所為確有犯罪,1,,行所為確有犯罪
未領有駕駛執照駕車而過失致人受傷罪,1,,未領有駕駛執照駕車而過失致人受傷罪
、修正後道路交通管理處罰條例第86條第1項第1款之未領有駕駛執照駕車因過失致人受傷罪,1,,刑法第284條前段、修正後道路交通管理處罰條例第86條第1項第1款之未領有駕駛執照駕車因過失致人受傷罪
同條第5項之持有第三級毒品純質淨重5公克以上罪,1,,持有第二級毒品罪及同條第5項之持有第三級毒品純質淨重5公克以上罪
毀損國幣罪,1,,毀損他人物品罪及妨害國幣懲治條例第5條之毀損國幣罪
規定論罪,1,,規定論罪
非法經營期貨經理及其他期貨服務事業罪,1,,期貨交易法第一百十二條第五項第五款之非法經營期貨經理及其他期貨服務事業罪
而以一罪,1,,而以一罪
如附表一編號1至2、附表二編號1至13所示各罪,1,是,如附表一編號1至2、附表二編號1至13所示各罪
非法由自動付款設備取得他人財產罪,1,,非法由自動付款設備取得他人財產罪
如附表一「所犯罪,1,是,如附表一「所犯罪
二人以上共同攜帶兇器強制猥褻罪,1,,二人以上共同攜帶兇器強制猥褻罪
如附表「所犯罪,1,是,如附表「所犯罪
不實會計事項罪,1,,不實會計事項罪
任意棄置有害事業廢棄物罪,1,,任意棄置有害事業廢棄物罪
廢棄物清理法第四十六條第一款之任意棄置有害事業廢棄物罪,1,,廢棄物清理法第四十六條第一款之任意棄置有害事業廢棄物罪
納稅義務人以不正方法逃漏稅捐罪,1,,幫助納稅義務人以不正方法逃漏稅捐罪
為行銷目的而於同一或類似商品使用近似於註冊商標之商標罪,1,,為行銷目的而於同一或類似商品使用近似於註冊商標之商標罪
罪事實之理由與依據：上開犯罪,1,是,罪事實之理由與依據：上開犯罪
而為包括之一罪,1,,而為包括之一罪
收受對價提供金融帳戶罪,1,,收受對價提供金融帳戶罪
罪防制條例所定之犯罪,1,是,罪防制條例所定之犯罪
加重詐欺及洗錢罪,1,,加重詐欺及洗錢罪
之包括一罪,1,,之包括一罪
附表一編號2即本件首次所犯之三人以上共同詐欺罪,1,是,附表一編號2即本件首次所犯之三人以上共同詐欺罪
罪組織、洗錢罪,1,是,罪組織、洗錢罪
轉藥禁藥罪,1,,轉藥禁藥罪
罪獲取之財物達新臺幣壹億元以上之罪,1,是,罪獲取之財物達新臺幣壹億元以上之罪
駕駛動力交通工具而有吐氣所含酒精濃度達每公升0.25毫克以上情形之公共危險罪,1,,駕駛動力交通工具而有吐氣所含酒精濃度達每公升0.25毫克以上情形之公共危險罪
交付賄賂使其為特定被連署人連署罪,1,,交付賄賂使其為特定被連署人連署罪
無故以照相竊錄他人非公開活動罪,1,,無故以照相竊錄他人非公開活動罪
毀壞門竊盜罪,1,,毀壞門竊盜罪
詐欺取財犯罪,1,,刑法第339條詐欺取財犯罪
罪人為前置犯罪,1,是,罪人為前置犯罪
罪人作為取得犯罪,1,是,罪人作為取得犯罪
罪所得之蹤跡與後續犯罪,1,是,罪所得之蹤跡與後續犯罪
罪事實一之（二）部分未引用洗錢罪,1,是,罪事實一之（二）部分未引用洗錢罪
罪事實一之（二）被告對告訴人陳弈妘犯以網際網路對公眾散布之詐欺取財罪,1,是,罪事實一之（二）被告對告訴人陳弈妘犯以網際網路對公眾散布之詐欺取財罪
本件有期徒刑以上之2罪,1,,本件有期徒刑以上之2罪
行雖與前案同為加重詐欺取財罪,1,,行雖與前案同為加重詐欺取財罪
肇事逃逸犯行部分之罪,1,,肇事逃逸犯行部分之罪
規定犯罪,1,,罪事實一之（二）告訴人陳弈妘部分）：（1）按刑法第59條規定犯罪
罪事實一之（二）部分涉犯洗錢罪,1,是,罪事實一之（二）部分涉犯洗錢罪
借用他人名義投標罪,1,,政府採購法第八十七條第五項前段之借用他人名義投標罪
剝奪行動自由罪,1,,剝奪行動自由罪
填載不實會計憑證暨不實事項記入帳冊罪,1,,填載不實會計憑證暨不實事項記入帳冊罪
罪事實欄一第3行、犯罪,1,是,罪事實欄一第3行、犯罪
規定加重之說明：查被告前犯因不能安全駕駛致交通危險罪,1,,規定加重之說明：查被告前犯因不能安全駕駛致交通危險罪
刑法第321第1項第1款之侵入住宅竊盜罪,1,,刑法第321第1項第1款之侵入住宅竊盜罪
之一行為而論以一罪,1,,之一行為而論以一罪
如附表一編號1、附表二編號1至9所示各罪,1,是,如附表一編號1、附表二編號1至9所示各罪
罪類型、法益種類均相同之施用第二級毒品罪,1,是,罪類型、法益種類均相同之施用第二級毒品罪
第10條第2項施用第二級毒品罪,1,,施用第一級毒品罪及第10條第2項施用第二級毒品罪
冒用身分而使用他人交付之國民身分證罪,1,,後段之冒用身分而使用他人交付之國民身分證罪
毀壞安全設備侵入住宅竊盜罪,1,,毀壞安全設備侵入住宅竊盜罪
收受對價而犯提供銀行帳戶與他人使用罪,1,,幫助洗錢罪及洗錢防制法第15條之2第3項第1款之收受對價而犯提供銀行帳戶與他人使用罪
運輸第二級毒品既遂罪,1,,運輸第二級毒品既遂罪
第14條第1項之幫助一般洗錢罪,1,,前段之第14條第1項之幫助一般洗錢罪
、第2項之詐欺得取財、詐欺得利罪,1,,刑法第339條第1項、第2項之詐欺得取財、詐欺得利罪
行為數罪,1,,行為數罪
：被告就附表編號3、4部分犯行（即起訴書附表編號3、4部分）均以一行為同時犯刑法第210條、第216條行使偽造私文書及同法第339條第2項之詐欺得利罪,1,是,：被告就附表編號3、4部分犯行（即起訴書附表編號3、4部分）均以一行為同時犯刑法第210條、第216條行使偽造私文書及同法第339條第2項之詐欺得利罪
之規定從一重之行使偽造私文書罪,1,,之規定從一重之行使偽造私文書罪
如附表編號1之竊盜罪,1,是,如附表編號1之竊盜罪
本件有期徒刑以上之各罪,1,,本件有期徒刑以上之各罪
所犯加重竊盜罪,1,,所犯加重竊盜罪
如附表所示之數罪,1,是,如附表所示之數罪
汽車駕駛人行近行人穿越道不依規定讓行人優先通行致過失重傷害罪,1,,汽車駕駛人行近行人穿越道不依規定讓行人優先通行致過失重傷害罪
罪事實：1、第1至3行：甲○○、丙○○均基於參與犯罪,1,是,罪事實：1、第1至3行：甲○○、丙○○均基於參與犯罪
行所犯法條部分均未引用組織犯罪,1,,行所犯法條部分均未引用組織犯罪
罪與前揭論罪,1,是,罪與前揭論罪
、第2款之侵入住宅、毀越安全設備竊盜罪,1,,罪事實一之㈠部分所為分別係犯刑法第321條第1項第1款、第2款之侵入住宅、毀越安全設備竊盜罪
、第210條、第216條之行使偽造準私文書罪,1,,法條欄雖未引用刑法第220條第2項、第210條、第216條之行使偽造準私文書罪
、第2款之侵入住宅毀越安全設備竊盜罪,1,,罪事實一之㈠分別所犯刑法第321條第1項第1款、第2款之侵入住宅毀越安全設備竊盜罪
規定加重：查被告前因犯竊盜、幫助詐欺取財罪,1,,規定加重：查被告前因犯竊盜、幫助詐欺取財罪
本件加重竊盜（2罪,1,,本件加重竊盜（2罪
罪型態、原因、侵害法益、罪,1,是,罪型態、原因、侵害法益、罪
非法持有具殺傷力之子彈罪,1,,非法持有非制式手槍罪及同條例第12條第4項之非法持有具殺傷力之子彈罪
踰越門窗侵入住宅竊盜罪,1,,踰越門窗侵入住宅竊盜罪
隱匿封緘信函罪,1,,隱匿封緘信函罪
後態度、多有竊盜等前案紀錄之素行（參卷附臺灣高等法院被告前案紀錄表）、犯罪,1,,後態度、多有竊盜等前案紀錄之素行（參卷附臺灣高等法院被告前案紀錄表）、犯罪
侵占離本人所持有物罪,1,,侵占離本人所持有物罪
侵占其他離本人所持有之物罪,1,,侵占其他離本人所持有之物罪
如附表一編號1至4所示之各罪,1,是,如附表一編號1至4所示之各罪
意圖營利供給賭博場所及同條後段之意圖營業聚眾賭博罪,1,,前段之意圖營利供給賭博場所及同條後段之意圖營業聚眾賭博罪
毀越安全設備竊盜罪,1,,毀越安全設備竊盜罪
「毀越牆垣」竊盜罪,1,,「毀越牆垣」竊盜罪
記載帳簿不實罪,1,,記載帳簿不實罪
未領有駕駛執照駕車因過失致人受傷罪,1,,未領有駕駛執照駕車因過失致人受傷罪
罪事實：1、第1頁第8行：（翁怡達所犯參與犯罪,1,是,罪事實：1、第1頁第8行：（翁怡達所犯參與犯罪
本件3人以上共同犯詐欺取財罪,1,,本件3人以上共同犯詐欺取財罪
行均基於同一犯罪,1,,行均基於同一犯罪
第3條所列之特定犯罪,1,,第3條所列之特定犯罪
罪所得）及整合（即收受、持有或使用他人之特定犯罪,1,是,罪所得）及整合（即收受、持有或使用他人之特定犯罪
附表編號1至15「罪,1,是,附表編號1至15「罪
所規定得聲請參與訴訟之罪,1,,所規定得聲請參與訴訟之罪
如附表編號一至五、七所示陸罪,1,是,如附表編號一至五、七所示陸罪
如附表編號四、六所示貳罪,1,是,如附表編號四、六所示貳罪
非法剝奪他人行動自由罪,1,,非法剝奪他人行動自由罪
行賄罪,1,,行賄罪
至第4項之罪,1,,至第4項之罪
如附表一、二所示各罪,1,是,如附表一、二所示各罪
附表所示各罪,1,是,附表所示各罪
以不正方法由收費設備取得他人之物罪,1,,以不正方法由收費設備取得他人之物罪
對醫療人員施強暴行為罪,1,,對醫療人員施強暴行為罪
強暴公然侮辱罪,1,,強暴公然侮辱罪
規定處罰等罪,1,,規定處罰等罪
竊錄非公開活動罪,1,,竊錄非公開活動罪
如附表一編號1至11所示各罪,1,是,如附表一編號1至11所示各罪
非法持有非制式手槍罪為最輕本刑5年以上有期徒刑之罪,1,,非法持有非制式手槍罪為最輕本刑5年以上有期徒刑之罪
而犯持有第二級毒品純質淨重二十公克以上罪,1,,而犯持有第二級毒品純質淨重二十公克以上罪
同條第2項之販賣非法輸入之醫療器材罪,1,,非法輸入醫療器材罪及同條第2項之販賣非法輸入之醫療器材罪
該二罪,1,,該二罪
所定過苛之虞、欠缺刑法上之重要性、犯罪,1,,罪所得無刑法第38條之2第2項所定過苛之虞、欠缺刑法上之重要性、犯罪
圖利以詐術使人出國罪,1,,買賣人口罪及同法第297條第1項之圖利以詐術使人出國罪
以藥劑犯強制性交罪,1,,以藥劑犯強制性交罪
以欺瞞之方法使人施用第三級毒品罪,1,,以欺瞞之方法使人施用第三級毒品罪
加重強制性交罪,1,,加重強制性交罪
罪所用之破壞剪、美工刀各壹支及犯罪,1,是,罪所用之破壞剪、美工刀各壹支及犯罪
在航空站竊盜罪,1,,在航空站竊盜罪
如附件附表所示各罪,1,是,如附件附表所示各罪
如附表一編號1、附表二編號1至21所示各罪,1,是,如附表一編號1、附表二編號1至21所示各罪
如附表一編號1至19「罪,1,是,如附表一編號1至19「罪
修正前詐欺取財罪,1,,修正前詐欺取財罪
無故窺視他人非公開之活動及身體隱私部位罪,1,,無故窺視他人非公開之活動及身體隱私部位罪
無故竊錄他人非公開之活動及身體隱私部位罪,1,,無故竊錄他人非公開之活動及身體隱私部位罪
、第1項之詐欺得利、詐欺取財罪,1,,刑法第339條第2項、第1項之詐欺得利、詐欺取財罪
如附表編號1至3所示3罪,1,是,如附表編號1至3所示3罪
有數罪,1,,有數罪
一○三年六月十八日修正前背信罪,1,,一○三年六月十八日修正前背信罪
意圖販賣而陳列、展示保育類野生動物產製品罪,1,,野生動物保育法第四十條第二款之意圖販賣而陳列、展示保育類野生動物產製品罪
妨害公務員執行職務罪,1,,妨害公務員執行職務罪
如附表一所示叁罪,1,是,如附表一所示叁罪
以文字公然煽惑他人犯罪之罪,1,,以文字公然煽惑他人犯罪之罪
如附表A所示各罪,1,是,如附表A所示各罪
如附表B所示各罪,1,是,如附表B所示各罪
罪前案紀錄及其他素行（參卷附臺灣高等法院被告前案紀錄表）、犯罪,1,是,罪前案紀錄及其他素行（參卷附臺灣高等法院被告前案紀錄表）、犯罪
罪前案紀錄等素行（參卷附臺灣高等法院被告前案紀錄表）、犯罪,1,是,罪前案紀錄等素行（參卷附臺灣高等法院被告前案紀錄表）、犯罪
規定之非法經營銀行業務罪,1,,前段規定之非法經營銀行業務罪
罪事實1、第1頁第7行：乙○○參與犯罪,1,是,罪事實1、第1頁第7行：乙○○參與犯罪
行使偽造私文書、行使偽造特種文書罪,1,,行使偽造私文書、行使偽造特種文書罪
如附表一至二十一所示三人以上共同詐欺取財罪,1,是,如附表一至二十一所示三人以上共同詐欺取財罪
如附表二至十一所示三人以上共同詐欺取財罪,1,是,如附表二至十一所示三人以上共同詐欺取財罪
如本判決末附表編號1至5所示各罪,1,是,如本判決末附表編號1至5所示各罪
竊錄他人非公開活動罪,1,,竊錄他人非公開活動罪
如附表編號1至15主文欄所示之拾伍罪,1,是,如附表編號1至15主文欄所示之拾伍罪
罪所得新臺幣壹萬元及供犯罪,1,是,罪所得新臺幣壹萬元及供犯罪
無故洩漏因利用電腦相關設備而持有他人之秘密罪,1,,無故洩漏因利用電腦相關設備而持有他人之秘密罪
以不正方法由收費設備取得財產上不法利益罪,1,,以不正方法由收費設備取得財產上不法利益罪
以不正方法由收費設備取得財產上不法利益罪,1,,以不正方法由收費設備取得財產上不法利益罪
攜帶兇器毀壞門扇侵入住宅竊盜罪,1,,攜帶兇器毀壞門扇侵入住宅竊盜罪
未領有駕駛執照駕車而過失傷害罪,1,,未領有駕駛執照駕車而過失傷害罪
無故利用工具或設備窺視他人非公開之活動及身體隱私部位罪,1,,無故利用工具或設備窺視他人非公開之活動及身體隱私部位罪
過失販賣禁藥罪,1,,過失販賣禁藥罪
第309條第1項公然侮辱罪,1,,傷害罪及第309條第1項公然侮辱罪
罪組織（李建家參與犯罪,1,是,罪組織（李建家參與犯罪
行有想像競合犯之裁判上一罪,1,,行有想像競合犯之裁判上一罪
行相互分工以遂行整體詐欺取財、行使偽造私文書、洗錢等犯罪,1,,行相互分工以遂行整體詐欺取財、行使偽造私文書、洗錢等犯罪
輕罪即洗錢罪,1,,輕罪即洗錢罪
在公共場所攜帶刀械罪,1,,在公共場所攜帶刀械罪
第268條後段之圖利聚眾賭博罪,1,,前段之圖利供給賭博場所罪及第268條後段之圖利聚眾賭博罪
以不正方使用自動設備取得他人之物罪,1,,以不正方使用自動設備取得他人之物罪
以不正方法由自動付款設備取得財產上不法利益罪,1,,以不正方法由自動付款設備取得財產上不法利益罪
洗錢罪㈡罪數關係：被告以一提供金融機構帳戶之行為同時觸犯幫助詐欺取財罪,1,,幫助犯洗錢罪㈡罪數關係：被告以一提供金融機構帳戶之行為同時觸犯幫助詐欺取財罪
攜帶兇器踰越牆垣、毀越安全設備竊盜罪,1,,攜帶兇器踰越牆垣、毀越安全設備竊盜罪
罪組織（盧以諾所犯參與犯罪,1,是,罪組織（盧以諾所犯參與犯罪
行與暱稱「Rich」、「180DAY」、「EAGLE」及詐欺集團其他成年成員間各自分擔犯罪,1,,行與暱稱「Rich」、「180DAY」、「EAGLE」及詐欺集團其他成年成員間各自分擔犯罪
應以包括之一罪,1,,應以包括之一罪
構成洗錢罪,1,,構成洗錢罪
侵占脫離本人持有物罪,1,,侵占脫離本人持有物罪
於夜間未經許可攜帶刀械罪,1,,於夜間未經許可攜帶刀械罪
、同法第339第1項之幫助詐欺取財罪,1,,刑法第30條第1項前段、同法第339第1項之幫助詐欺取財罪
罪事實及理由一、本件被告連嘉榮之犯罪,1,是,罪事實及理由一、本件被告連嘉榮之犯罪
行獲有任何犯罪,1,,行獲有任何犯罪
本案之罪,1,,本案之罪
行獲有何犯罪,1,,行獲有何犯罪
公司應收股款股東未實際繳納而以申請文件表明收足罪,1,,前段之公司應收股款股東未實際繳納而以申請文件表明收足罪
非公務機關未於蒐集之特定目的必要範圍内利用個人資料罪,1,,違反同法第20條第1項之非公務機關未於蒐集之特定目的必要範圍内利用個人資料罪
無故輸入他人帳號密碼入侵他人電腦相關設備罪,1,,無故輸入他人帳號密碼入侵他人電腦相關設備罪
本案與前案之犯罪,1,是,本案與前案之犯罪
未經許可持有手槍罪,1,,未經許可持有手槍罪
持有第三級毒品純質淨重逾5公克罪,1,,持有第三級毒品純質淨重逾5公克罪
非法持有制式手槍罪,1,,非法持有制式手槍罪
非法開發致生水土流失罪,1,,水土保持法第三十二條第四項之非法開發致生水土流失未遂罪
罪所得即現金新臺幣陸佰元、賴漢恩之不法犯罪,1,是,罪所得即現金新臺幣陸佰元、賴漢恩之不法犯罪
罪所得即現金新臺幣肆萬元、蔡顯勲犯罪,1,是,罪所得即現金新臺幣肆萬元、蔡顯勲犯罪
罪所得即現金新臺幣參仟元、賴漢恩犯罪,1,是,罪所得即現金新臺幣參仟元、賴漢恩犯罪
如附表四編號1至6主文欄所示之陸罪,1,是,如附表四編號1至6主文欄所示之陸罪
附表編號1至41「罪,1,是,附表編號1至41「罪
罪行為人因犯罪,1,是,罪行為人因犯罪
罪所得或犯罪,1,是,罪所得或犯罪
違背職務行為要求賄賂罪,1,,違背職務行為要求賄賂罪
行使公務員登載不實準文書罪,1,,行使公務員登載不實準文書罪
偽造印文、署名罪,1,,偽造印文、署名罪
罪事實：1、第1行：甲○○基於參與犯罪,1,是,罪事實：1、第1行：甲○○基於參與犯罪
之輕罪,1,,之輕罪
加重強制猥褻罪,1,,加重強制猥褻罪
非法販賣非制式手槍罪,1,,非法販賣非制式手槍罪
恐嚇危害他人安全罪,1,,恐嚇危害他人安全罪
放火燒燬現有人所在之建築物罪,1,,放火燒燬現有人所在之建築物未遂罪
如附表編號4至7、11、26至38、43至46、49、58至60、63至66、73至80、83、85、86「主文」欄所示之罪,1,是,如附表編號4至7、11、26至38、43至46、49、58至60、63至66、73至80、83、85、86「主文」欄所示之罪
：被告係出於恐嚇之單一決意於密接之犯罪,1,是,：被告係出於恐嚇之單一決意於密接之犯罪
施用安眠藥物致不能安全駕駛動力交通工具罪,1,,施用安眠藥物致不能安全駕駛動力交通工具罪
轉讓第三級毒品罪,1,,轉讓第三級毒品罪
未經許可持有子彈罪,1,,未經許可持有子彈罪
如附表一編號10、19、21至23、24⑵、25、26及附表二「主文」欄所示之罪,1,是,如附表一編號10、19、21至23、24⑵、25、26及附表二「主文」欄所示之罪
以不正方法由自動設備取得他人之物罪,1,,恐嚇取財罪及同法第339條之2第1項之以不正方法由自動設備取得他人之物罪
持有純質淨重5公克以上之第三級毒品罪,1,,持有純質淨重5公克以上之第三級毒品罪
罪動機、及其犯罪,1,是,罪動機、及其犯罪
公益侵占罪,1,,公益侵占罪
加重詐欺取財罪共23罪,1,,規定僅論以一罪即刑法第339條之4第1項第2款之加重詐欺取財罪共23罪
附表一編號1至3、附表二編號1至4、附表三編號1至11「本院罪,1,是,附表一編號1至3、附表二編號1至4、附表三編號1至11「本院罪
附表一編號1至3、附表二編號1至4、附表三編號1、2、5至11「本院罪,1,是,附表一編號1至3、附表二編號1至4、附表三編號1、2、5至11「本院罪
之結夥三人以上竊盜罪,1,,之結夥三人以上竊盜罪及同法第354條之毀損他人物品罪
、洗錢防制法第14條第1項之幫助洗錢罪,1,,刑法第30條、洗錢防制法第14條第1項之幫助洗錢罪
行與前開經起訴論罪,1,,行與前開經起訴論罪
如附表一編號1至20主文欄所示之貳拾罪,1,是,如附表一編號1至20主文欄所示之貳拾罪
貳拾罪,1,,貳拾罪
公務員洩漏國防以外之秘密消息罪,1,,公務員洩漏國防以外之秘密消息罪
攜帶兇器毀壞門竊盜罪,1,,攜帶兇器毀壞門竊盜罪
之之罪,1,,之之罪
以違反本人意願之方法使少年自行拍攝性影像罪,1,,以違反本人意願之方法使少年自行拍攝性影像罪
散布少年之性影像罪,1,,散布少年之性影像罪
竊錄他人非公開之活動、身體隱私部位罪,1,,竊錄他人非公開之活動、身體隱私部位罪
侵入建築物附連圍繞之土地罪,1,,侵入建築物附連圍繞之土地罪
重傷罪,1,,重傷未遂罪
所規定之特定犯罪,1,,所規定之特定犯罪
高買證券違法炒作罪,1,,高買證券違法炒作罪
規定之侵害著作權罪,1,,違反同法第87條第1項第8款規定之侵害著作權罪
侵害著作權罪,1,,著作權法第九十三條第四款之侵害著作權罪
如本判決末附表編號1至6所示各罪,1,是,如本判決末附表編號1至6所示各罪
如附表一編號1至6主文欄所示之陸罪,1,是,如附表一編號1至6主文欄所示之陸罪
如附表四編號1至3主文欄所示之參罪,1,是,如附表四編號1至3主文欄所示之參罪
非公務員洩漏國防以外之秘密消息罪,1,,非公務員洩漏國防以外之秘密消息罪
及同條第1項後段意圖供行使之用而攜帶兇器在公共場所聚集三人以上下手實施強暴罪,1,,及同條第1項後段意圖供行使之用而攜帶兇器在公共場所聚集三人以上下手實施強暴罪
非公務機關未於蒐集之特定目的必要範圍內利用個人資料之罪,1,,違反同法第20條第1項之非公務機關未於蒐集之特定目的必要範圍內利用個人資料之罪
行與前開多次施用毒品犯行均屬施用毒品犯罪,1,,行與前開多次施用毒品犯行均屬施用毒品犯罪
損壞火葬遺灰罪,1,,損壞火葬遺灰未遂罪
後態度、素行（卷附臺灣高等法院被告前案紀錄表）、犯罪,1,,後態度、素行（卷附臺灣高等法院被告前案紀錄表）、犯罪
意圖避免替代役之徵集無故逾應徵期限5日罪,1,,意圖避免替代役之徵集無故逾應徵期限5日罪
論以包括之一罪,1,,論以包括之一罪
行使偽造私文書及詐欺取財罪,1,,行使偽造私文書及詐欺取財罪
結夥三人以上強盜罪,1,,結夥三人以上強盜罪
行與渠等經論罪,1,,行與渠等經論罪
私行拘禁剝奪他人行動自由罪,1,,前段之私行拘禁剝奪他人行動自由罪
不違背職務收受賄賂罪,1,,不違背職務收受賄賂罪
如附表二所示之各罪,1,是,如附表二所示之各罪
如附表三所示之各罪,1,是,如附表三所示之各罪
如附表四所示之各罪,1,是,如附表四所示之各罪
如附表五所示之各罪,1,是,如附表五所示之各罪
罪所得新臺幣拾參萬伍仟元、黃銘鴻所有之犯罪,1,是,罪所得新臺幣拾參萬伍仟元、黃銘鴻所有之犯罪
5款之利用不正方法致生不實罪,1,,5款之利用不正方法致生不實罪及刑法第214條之使公務員登載不實罪
不能安全駕駛動力交通工具致人於死罪,1,,不能安全駕駛動力交通工具致人於死罪
填製不實會計憑證罪,1,,填製不實會計憑證罪
非法販賣非制式衝鋒槍罪,1,,非法販賣非制式衝鋒槍未遂罪
成年人故意對兒童犯性騷擾罪,1,,成年人故意對兒童犯性騷擾罪
非法輸入保育類野生動物產製品罪,1,,野生動物保育法第四十條第一款之非法輸入保育類野生動物產製品罪
持有逾量第三級毒品罪,1,,持有逾量第三級毒品罪
如附件所示之罪,1,,如附件所示之罪
汽車駕駛人無駕駛執照駕車過失致人於死罪,1,,汽車駕駛人無駕駛執照駕車過失致人於死罪
行、掩飾、隱匿詐欺犯罪,1,,行、掩飾、隱匿詐欺犯罪
洗錢及詐欺取財罪,1,,洗錢及詐欺取財罪
罪事實欄一之㈡所載犯罪,1,是,罪事實欄一之㈡所載犯罪
罪前案紀錄之素行（參簡字卷附臺灣高等法院被告前案紀錄表）、犯罪,1,是,罪前案紀錄之素行（參簡字卷附臺灣高等法院被告前案紀錄表）、犯罪
罪類型、法益侵害種類均相同之施用第二級毒品罪,1,是,罪類型、法益侵害種類均相同之施用第二級毒品罪
後坦承犯行之情狀、併參酌其多有毒品犯罪,1,,後坦承犯行之情狀、併參酌其多有毒品犯罪
無故輸入他人帳號密碼罪,1,,無故輸入他人帳號密碼罪
如附表一編號1、附表二編號1至6所示各罪,1,是,如附表一編號1、附表二編號1至6所示各罪
行確有獲得犯罪,1,,行確有獲得犯罪
本案前案之犯罪,1,是,本案前案之犯罪
駕駛動力交通工具而吐氣所含酒精濃度達每公升零點貳伍毫克以上罪,1,,駕駛動力交通工具而吐氣所含酒精濃度達每公升零點貳伍毫克以上罪
本案罪,1,,本案罪
項第1款之侵入住宅竊盜罪,1,,項第1款之侵入住宅竊盜罪
商業負責人以明知為不實之事項而填製會計憑證罪,1,,商業會計法第71條第1款之商業負責人以明知為不實之事項而填製會計憑證罪
前開犯行罪,1,,前開犯行罪
之素行、本件犯行之犯罪,1,是,之素行、本件犯行之犯罪
附表編號1至7所示各罪,1,是,附表編號1至7所示各罪
本件犯行確有犯罪,1,,本件犯行確有犯罪
侵占脫離本人所持有之物罪,1,,侵占脫離本人所持有之物罪
如本院附表一、二「罪,1,是,如本院附表一、二「罪
擅自以重製方法侵害他人著作財產權罪,1,,擅自以重製方法侵害他人著作財產權罪
如附件犯罪,1,,如附件犯罪
非法經營收受準存款業務罪,1,,銀行法第一百二十五條第一項前段之非法經營收受準存款業務罪
非法公開招募出售有價證券罪,1,,證券交易法第一百七十四條第二項第三款之非法公開招募出售有價證券罪
加害人屆期不履行身心治療及輔導教育罪,1,,加害人屆期不履行身心治療及輔導教育罪
修正前性侵害犯罪,1,,修正前性侵害犯罪
罪加害人屆期不履行身心治療及輔導教育罪,1,是,罪加害人屆期不履行身心治療及輔導教育罪
業務登載不實文書罪,1,,業務登載不實文書罪
販賣第二級毒品而混合二種以上之毒品罪,1,,販賣第二級毒品而混合二種以上之毒品未遂罪
如附表五編號1至8主文欄所示之捌罪,1,是,如附表五編號1至8主文欄所示之捌罪
不能安全駕駛致生公共危險罪,1,,不能安全駕駛致生公共危險罪
非法由自動付款設備詐欺取財罪,1,,非法由自動付款設備詐欺取財罪
罪所得即現金新臺幣捌萬貳仟伍佰元、林義順未扣案之犯罪,1,是,罪所得即現金新臺幣捌萬貳仟伍佰元、林義順未扣案之犯罪
行屬偶發、初次犯罪,1,,行屬偶發、初次犯罪
如附表一編號1至5所示之伍罪,1,是,如附表一編號1至5所示之伍罪
第320條第1項之竊盜罪,1,,業務侵占罪及第320條第1項之竊盜罪
無正當理由逃避檢查罪,1,,無正當理由逃避檢查罪
逃避檢查罪,1,,國家安全法第十四條之逃避檢查罪
無故侵入建築物罪,1,,無故侵入建築物罪
行使偽造私文書罪,1,,行使偽造私文書罪
公然賭博罪,1,,公然賭博罪
非法輸入禁止輸入之應施檢疫物罪,1,,非法輸入禁止輸入之應施檢疫物罪
非法輸入應施檢疫物罪,1,,動物傳染病防治條例第四十一條第一項之非法輸入應施檢疫物罪
失火燒燬住宅等以外之物罪,1,,失火燒燬住宅等以外之物罪
成年人故意對兒童犯強制罪,1,,前段及刑法第304條第1項之成年人故意對兒童犯強制罪
性侵害犯罪加害人屆期不履行身心治療或輔導教育罪罪,1,,性侵害犯罪加害人屆期不履行身心治療或輔導教育罪罪
行之犯後態度、素行（卷附臺灣高等法院被告前案紀錄表）、犯罪,1,,行之犯後態度、素行（卷附臺灣高等法院被告前案紀錄表）、犯罪
罪前案紀錄、被告吳勵端無犯罪,1,是,罪前案紀錄、被告吳勵端無犯罪
後態度、犯罪,1,,後態度、犯罪
罪經法院判處罪,1,是,罪經法院判處罪
無正當理由交付、提供金融帳戶合計三個以上予他人使用罪,1,,洗錢防制法第十五條之二第三項第二款之無正當理由交付、提供金融帳戶合計三個以上予他人使用罪
條第3項前段之不能安全駕駛動力交通工具致人於死罪,1,,條第3項前段之不能安全駕駛動力交通工具致人於死罪
不能安全駕駛動力交通工具因而致人於死罪,1,,刑法第一百八十五條之三第三項前段之不能安全駕駛動力交通工具因而致人於死罪
透過網路方式陳列侵害商標權之商品罪,1,,商標法第九十七條之透過網路方式陳列侵害商標權之商品罪
圖利容留、媒介猥褻罪,1,,圖利容留、媒介猥褻罪
本案與上②前案之犯罪,1,是,本案與上②前案之犯罪
強制等罪,1,,恐嚇危害安全及同法第304條之強制等罪
如附表一編號1至24所示各罪,1,是,如附表一編號1至24所示各罪
攜帶兇器毀越窗戶竊盜罪,1,,攜帶兇器毀越窗戶竊盜罪
服用毒品致不能安全駕駛動力交通工具之罪,1,,服用毒品致不能安全駕駛動力交通工具之罪
罪所得新臺幣陸仟元及供犯罪,1,是,罪所得新臺幣陸仟元及供犯罪
三人以上與少年共同冒用公務員名義詐欺取財罪,1,,三人以上與少年共同冒用公務員名義詐欺取財罪
違法蒐集個人資料罪,1,,違法蒐集個人資料罪
三幫助詐欺取財罪,1,,三幫助詐欺取財罪
法條欄贅載幫助洗錢罪,1,,法條欄贅載幫助洗錢罪
罪之意思而參與犯罪,1,是,罪之意思而參與犯罪
侵入住宅竊盜罪,1,,侵入住宅竊盜罪
無正當理由以詐術收集他人金融帳戶罪,1,,無正當理由以詐術收集他人金融帳戶罪
無正當理由而以詐術收集他人之金融帳戶罪,1,,洗錢防制法第15條之1第1項第5款之無正當理由而以詐術收集他人之金融帳戶罪
利用不正方法致會計事項發生不實結果罪,1,,利用不正方法致會計事項發生不實結果罪及刑法第214條之使公務員登載不實罪
中段應收股款於登記後發還股東罪,1,,中段應收股款於登記後發還股東罪
利用不正方法致使會計事項發生不實結果罪,1,,利用不正方法致使會計事項發生不實結果罪
罪事實、論罪,1,是,罪事實、論罪
踰越安全設備之加重竊盜罪,1,,刑法第321條第1項第2款之踰越安全設備之加重竊盜罪
同條項之踰越門窗竊盜罪,1,,同條項之踰越門窗竊盜罪
雖同為施用第一級、第二級毒品罪,1,,雖同為施用第一級、第二級毒品罪
詐欺取財及掩飾、隱匿特定犯罪,1,,詐欺取財及掩飾、隱匿特定犯罪
上開犯行具有想像競合犯之裁判上一罪,1,,上開犯行具有想像競合犯之裁判上一罪
行相互分工以遂行整體詐欺取財、行使偽造私文書、行使偽造特種文書罪,1,,行相互分工以遂行整體詐欺取財、行使偽造私文書、行使偽造特種文書罪
罪所得部分：（四）犯罪,1,是,罪所得部分：（四）犯罪
罪所得金額欄」所示姚道進、張卉蓁、陳淑惠、陳富美之犯罪,1,是,罪所得金額欄」所示姚道進、張卉蓁、陳淑惠、陳富美之犯罪
會計師對不實財務報告未予敘明罪,1,,證券交易法第一百七十四條第二項第二款之會計師對不實財務報告未予敘明罪
結夥三人以上毀越門窗竊盜罪,1,,結夥三人以上毀越門窗竊盜罪
侵占持本人持有物罪,1,,侵占持本人持有物罪
罪所得新臺幣貳仟元、謝致錡之犯罪,1,是,罪所得新臺幣貳仟元、謝致錡之犯罪
非法清除、處理廢棄物罪,1,,廢棄物清理法第四十六條第四款前段之非法清除、處理廢棄物罪
罪所得」欄所示之財產上利益及犯罪,1,是,罪所得」欄所示之財產上利益及犯罪
如附表一編號一至七所示之柒罪,1,是,如附表一編號一至七所示之柒罪
罪紀錄之素行（參卷附臺灣高等法院被告前案紀錄表）、犯罪,1,是,罪紀錄之素行（參卷附臺灣高等法院被告前案紀錄表）、犯罪
罪預備之物、犯罪,1,是,罪預備之物、犯罪
無律師證書意圖營利辦理訴訟事件罪,1,,無律師證書意圖營利辦理訴訟事件罪
之犯行均為施用毒品犯罪,1,,之犯行均為施用毒品犯罪
罪所得新臺幣捌佰元、如附表編號1、2「犯罪,1,是,罪所得新臺幣捌佰元、如附表編號1、2「犯罪
攜帶兇器毀越門窗竊盜罪,1,,攜帶兇器毀越門窗竊盜罪
持有刀械罪,1,,持有刀械罪
罪事實：1、第1至3行：鄭宇浩於民國109年間參與詐欺集團（所涉犯參與犯罪,1,是,罪事實：1、第1至3行：鄭宇浩於民國109年間參與詐欺集團（所涉犯參與犯罪
1項之洗錢罪,1,,詐欺取財罪及洗錢防制法第14條1項之洗錢罪
案件與本案罪,1,,案件與本案罪
汽車駕駛人行經行人穿越道不依規定讓行人優先通行之過失傷害罪,1,,汽車駕駛人行經行人穿越道不依規定讓行人優先通行之過失傷害罪
對依法執行職務公務員施強暴行為罪,1,,對依法執行職務公務員施強暴行為罪及同法第277條第1項之傷害罪
引誘使少年自行拍攝性影像罪,1,,引誘使少年自行拍攝性影像罪
罪事實及理由一、審判範圍：按關於「犯罪,1,是,罪事實及理由一、審判範圍：按關於「犯罪
三人以上共犯加重詐欺取財罪,1,,刑法第339條之4第1項第2款之三人以上共犯加重詐欺取財罪
罪之犯罪,1,是,罪之犯罪
行均犯一般洗錢罪,1,,行均犯一般洗錢罪
行所參與程度、犯罪,1,,行所參與程度、犯罪
公務員不違背職務收受賄賂罪,1,,公務員不違背職務收受賄賂罪
持有第三級毒品純質淨重五公克以上等罪,1,,持有第三級毒品純質淨重五公克以上等罪
妨害秘密罪,1,,妨害秘密罪
無故開拆他人封緘信函罪,1,,前段之無故開拆他人封緘信函罪
無故開拆他人郵件罪,1,,無故開拆他人郵件罪
規定之違反意願拍攝性交猥褻影像罪,1,,規定之違反意願拍攝性交猥褻影像罪
罪前科之素行（參卷附臺灣高等法院被告前案紀錄表）、犯罪,1,是,罪前科之素行（參卷附臺灣高等法院被告前案紀錄表）、犯罪
公然冒用公務員服飾、徽章及官銜罪,1,,公然冒用公務員服飾、徽章及官銜罪
本案施用第一級、第二級毒品罪,1,,本案施用第一級、第二級毒品罪
、第2項之施用第一級毒品罪,1,,毒品危害防制條例第10條第1項、第2項之施用第一級毒品罪
夜間於公共場所非法攜帶刀械罪,1,,夜間於公共場所非法攜帶刀械罪
及第4款之違反保護令罪,1,,及第4款之違反保護令罪
如附表四編號1至45主文欄所示之肆拾伍罪,1,是,如附表四編號1至45主文欄所示之肆拾伍罪
踰越門扇侵入住宅竊盜罪,1,,踰越門扇侵入住宅竊盜罪
以網際網路之方法賭博財物罪,1,,以網際網路之方法賭博財物罪
（起訴書誤載為第2項）之公然侮辱罪,1,,毀損他人物品罪及同法第309條第1項（起訴書誤載為第2項）之公然侮辱罪
非法以電腦相關設備製作財產權之得喪變更紀錄取財罪,1,,非法以電腦相關設備製作財產權之得喪變更紀錄取財罪
湮滅刑事證據罪,1,,湮滅刑事證據罪
如附表一編號1至7所示各罪,1,是,如附表一編號1至7所示各罪
第2巷詐欺得利罪,1,,第2巷詐欺得利罪
規定論以未經登記擅自經營電子遊戲場業罪,1,,規定論以未經登記擅自經營電子遊戲場業罪
三人以上共同詐欺取財及得利罪,1,,三人以上共同詐欺取財及得利罪
如本判決附表「主文」欄所示之罪,1,是,如本判決附表「主文」欄所示之罪
放火燒燬住宅以外他人所有物罪,1,,放火燒燬住宅以外他人所有物罪
放火燒燬住宅、建築物以外他人所有物致生公共危險罪,1,,放火燒燬住宅、建築物以外他人所有物致生公共危險罪
踰越安全設備侵入住宅竊盜罪,1,,踰越安全設備侵入住宅竊盜罪
逾越安全設備竊盜罪,1,,逾越安全設備竊盜罪
在公眾得出入之場所聚集三人以上下手實施強暴脅迫罪,1,,在公眾得出入之場所聚集三人以上下手實施強暴脅迫罪
放火燒燬住宅、建築物以外之自己所有物致生公共危險罪,1,,放火燒燬住宅、建築物以外之自己所有物致生公共危險罪
未經許可持有可發射子彈具有殺傷力之槍枝罪,1,,未經許可持有可發射子彈具有殺傷力之槍枝罪
罪組織之犯罪,1,是,罪組織之犯罪
罪事實之理由與依據：㈠上開犯罪,1,是,罪事實之理由與依據：㈠上開犯罪
罪事實欄未載對應之一般洗錢犯罪,1,是,罪事實欄未載對應之一般洗錢犯罪
罪時甫滿19歲、及其素行（參卷附臺灣高等法院被告前案紀錄表）、犯罪,1,是,罪時甫滿19歲、及其素行（參卷附臺灣高等法院被告前案紀錄表）、犯罪
或數罪,1,,或數罪
汽車駕駛人駕駛執照經註銷駕車、行近行人穿越道不依規定讓行人優先通行過失傷害罪,1,,汽車駕駛人駕駛執照經註銷駕車、行近行人穿越道不依規定讓行人優先通行過失傷害罪
罪事實及證據名稱一、本件犯罪,1,是,罪事實及證據名稱一、本件犯罪
行雖有犯罪,1,,行雖有犯罪
航空站竊盜罪,1,,航空站竊盜罪
侵占離本人所有之物罪,1,,侵占離本人所有之物罪
洗錢罪等罪,1,,洗錢罪等罪
如附表一編號1至9所示之玖罪,1,是,如附表一編號1至9所示之玖罪
修正前竊盜罪,1,,修正前竊盜罪
役齡男子意圖避免徵兵處理罪,1,,役齡男子意圖避免徵兵處理罪
如附表編號1至3「主文欄」所示之參罪,1,是,如附表編號1至3「主文欄」所示之參罪
詐欺得取財罪,1,,詐欺得取財罪
如附表一編號1至4主文欄所示之肆罪,1,是,如附表一編號1至4主文欄所示之肆罪
以詐術使開標發生不正確結果罪,1,,以詐術使開標發生不正確結果罪
非法招攬保險業務罪,1,,保險法第一百六十七條之一第一項前段之非法招攬保險業務罪
的非法銷售境外基金罪,1,,證券投資信託及顧問法第一百零七條第二款的非法銷售境外基金罪
非法輸入檢疫物罪,1,,動物傳染病防治條例第四十一條第一項之非法輸入檢疫物罪
支3人以上共犯詐欺取財等罪,1,,支3人以上共犯詐欺取財等罪
三人以上冒用公務員名義共同詐欺取財罪,1,,三人以上冒用公務員名義共同詐欺取財未遂罪
散布文字、圖畫誹謗罪,1,,散布文字、圖畫誹謗罪
、第三項之以妨害投標罪,1,,政府採購法第八十七條第六項、第三項之以妨害投標未遂罪
洗錢財物或財產上利益未達新臺幣（下同）1億元之一般洗錢罪,1,,三人以上共同詐欺取財罪及洗錢防制法第19條第1項後段之洗錢財物或財產上利益未達新臺幣（下同）1億元之一般洗錢罪
無正當理由交付、提供合計三個以上金融帳戶予他人使用罪,1,,無正當理由交付、提供合計三個以上金融帳戶予他人使用罪
運輸與製造第二級毒品罪,1,,運輸與製造第二級毒品罪
的加重強制性交罪,1,,的加重強制性交罪
對未滿14歲女子強制性交罪,1,,對未滿14歲女子強制性交罪
對於未滿14歲女子為性交罪,1,,對於未滿14歲女子為性交罪
對於未滿14歲女子為猥褻行為罪,1,,對於未滿14歲女子為猥褻行為罪
如附表一至八所示三人以上共同詐欺取財罪,1,是,如附表一至八所示三人以上共同詐欺取財罪
如附表一至附表十一所示販賣第一級毒品罪,1,是,如附表一至附表十一所示販賣第一級毒品罪
如附表十二、十三所示轉讓第一級毒品罪,1,是,如附表十二、十三所示轉讓第一級毒品罪
結夥三人以上攜帶兇器搶奪罪,1,,結夥三人以上攜帶兇器搶奪罪
三人以上共同犯詐欺取財及得利罪,1,,三人以上共同犯詐欺取財及得利罪
未經他人同意無故散布其性影像罪,1,,未經他人同意無故散布其性影像罪
詐欺銀行且因犯罪獲取之財物達新臺幣一億元以上罪,1,,詐欺銀行且因犯罪獲取之財物達新臺幣一億元以上罪
三人以上利用網路共同詐欺取財罪,1,,三人以上利用網路共同詐欺取財未遂罪
、第二款之無正當理由期約對價而交付合計三個以上帳戶罪,1,,洗錢防制法第二十二條第三項第一款、第二款之無正當理由期約對價而交付合計三個以上帳戶罪
公司應收股款於登記後發還股東罪,1,,後段之公司應收股款於登記後發還股東罪
攜帶兇器踰越門扇竊盜罪,1,,攜帶兇器踰越門扇竊盜罪
無正當理由提供3個以上金融帳戶罪,1,,規定而犯同法第22條第3項第2款之無正當理由提供3個以上金融帳戶罪
無故重製他人性影像罪,1,,無故重製他人性影像罪
失火燒燬如附表所示之物罪,1,是,失火燒燬如附表所示之物罪
非法寄藏衝鋒槍罪,1,,非法寄藏衝鋒槍罪
無故持有槍械罪,1,,無故持有槍械罪
如附表所示之加重誹謗罪,1,是,如附表所示之加重誹謗罪
如附表一編號1至2所示之貳罪,1,是,如附表一編號1至2所示之貳罪
、第二款之無正當理由期約對價而交付金融帳戶合計三個以上予他人使用罪,1,,洗錢防制法第二十二條第三項第一款、第二款之無正當理由期約對價而交付金融帳戶合計三個以上予他人使用罪
拍攝少年為性交行為之影像罪,1,,拍攝少年為性交行為之影像罪
強暴妨害公務執行罪,1,,強暴妨害公務執行罪及同法第277條第1項之傷害罪
業務侵占罪罪,1,,業務侵占罪罪
擅自以公開演出方法侵害他人之著作財產權罪,1,,擅自以公開演出方法侵害他人之著作財產權罪
行使偽變造特種文書罪,1,,行使偽變造特種文書罪
如附表編號1至3所示各罪,1,是,如附表編號1至3所示各罪
無故以照相竊錄他人非公開談話罪,1,,無故入侵他人電腦相關設備罪及同法第315條之1第2款之無故以照相竊錄他人非公開談話罪
踰越牆垣侵入住宅竊盜罪,1,,踰越牆垣侵入住宅竊盜罪
明知為不實之事項而記入帳冊罪,1,,後段之明知為不實之事項而記入帳冊罪
意圖銷售而擅自以重製於光碟之方法侵害他人之著作財產權罪,1,,意圖銷售而擅自以重製於光碟之方法侵害他人之著作財產權罪
意圖銷售而擅自以重製之方法侵害他人之著作財產權罪,1,,意圖銷售而擅自以重製之方法侵害他人之著作財產權罪
意圖銷售而擅自以重製於光碟之方法侵害他人著作財產權罪,1,,意圖銷售而擅自以重製於光碟之方法侵害他人著作財產權罪
意圖銷售而擅自以重製方法侵害他人著作財產權罪,1,,意圖銷售而擅自以重製方法侵害他人著作財產權罪
如本判決末附表編號6所示之罪,1,是,如本判決末附表編號6所示之罪
如本判決末附表編號1、2所示之罪,1,是,如本判決末附表編號1、2所示之罪
如本判決末附表編號3、4所示之罪,1,是,如本判決末附表編號3、4所示之罪
對於14歲以上未滿16歲之女子為猥褻之行為罪,1,,對於14歲以上未滿16歲之女子為猥褻之行為罪
拍攝、製造少年性影像罪,1,,拍攝、製造少年性影像罪
罪嫌部分於本院準備程序中自白犯罪,1,是,罪嫌部分於本院準備程序中自白犯罪
罪所用之工作用行動電話壹支及犯罪,1,是,罪所用之工作用行動電話壹支及犯罪
如本判決末附表編號1⑴、2⑴所示之罪,1,是,如本判決末附表編號1⑴、2⑴所示之罪
罪類型、行為態樣、犯罪,1,是,罪類型、行為態樣、犯罪
無正當理由提供3個以上帳戶罪,1,,無正當理由提供3個以上帳戶罪
攜帶兇器毀壞安全設備及踰越門竊盜罪,1,,攜帶兇器毀壞安全設備及踰越門竊盜罪
汽車駕駛人駕駛執照經吊銷駕車過失傷害罪,1,,汽車駕駛人駕駛執照經吊銷駕車過失傷害罪
攝錄之性影像罪,1,,攝錄之性影像罪
汽車駕駛人駕駛執照經註銷駕車致過失重傷害罪,1,,汽車駕駛人駕駛執照經註銷駕車致過失重傷害罪
情節較輕之剝奪他人行動自由罪,1,,後段情節較輕之剝奪他人行動自由罪
家庭暴力罪之毀損他人物品罪,1,,家庭暴力罪之毀損他人物品罪
無故開拆他人之封緘信函罪,1,,無故開拆他人之封緘信函罪
以強暴脅迫妨害人行使權利之強制罪,1,,以強暴脅迫妨害人行使權利之強制未遂罪
附表一編號1至5「罪,1,是,附表一編號1至5「罪
數罪犯罪,1,,數罪犯罪
罪非難評價、各罪,1,是,罪非難評價、各罪
罪時間、空間、各行為所侵害法益之專屬性或同一性）、罪,1,是,罪時間、空間、各行為所侵害法益之專屬性或同一性）、罪
罪傾向、數罪,1,是,罪傾向、數罪
犯行為詐欺犯罪,1,,刑法第339條之4第1項第2款犯行為詐欺犯罪
行均係犯三人以上共同詐欺取財罪,1,,行均係犯三人以上共同詐欺取財罪
本件附表編號1、2所示洗錢罪,1,是,本件附表編號1、2所示洗錢罪
罪事實一、附表編號1、2所載之犯罪,1,是,罪事實一、附表編號1、2所載之犯罪
罪危害防制條例自白減刑規定：按犯詐欺犯罪,1,是,罪危害防制條例自白減刑規定：按犯詐欺犯罪
本件三人以上共犯詐欺取財罪,1,,本件三人以上共犯詐欺取財罪
行屬想像競合犯中之輕罪,1,,行屬想像競合犯中之輕罪
三人以共同詐欺取財罪,1,,三人以共同詐欺取財罪
罪事實：1、第1至3行：蕭宇祐於民國113年1月中旬分別基於參與犯罪,1,是,罪事實：1、第1至3行：蕭宇祐於民國113年1月中旬分別基於參與犯罪
上述三人以上共同詐欺取財罪,1,,上述三人以上共同詐欺取財罪
本件一般洗錢罪,1,,本件一般洗錢罪
1項之強制罪,1,,1項之強制罪
故意損毀幣券罪,1,,故意損毀幣券罪
處罰之一般洗錢罪,1,,處罰之一般洗錢罪
非法持有鋼筆槍罪,1,,非法持有鋼筆槍罪
罪所得新臺幣參萬元及温聖宇之犯罪,1,是,罪所得新臺幣參萬元及温聖宇之犯罪
如附表一所示散布文字誹謗罪,1,是,如附表一所示散布文字誹謗罪
如附表二至十二所示違反保護令罪,1,是,如附表二至十二所示違反保護令罪
附表一編號1、2、附表二編號1至20「罪,1,是,附表一編號1、2、附表二編號1至20「罪
罪事實：1、第2頁第1至6行：葉嘉輝（暱稱Lucas或PL）、唐睿志（暱稱唐）均基於參與犯罪,1,是,罪事實：1、第2頁第1至6行：葉嘉輝（暱稱Lucas或PL）、唐睿志（暱稱唐）均基於參與犯罪
罪組織（葉嘉輝、唐睿志參與犯罪,1,是,罪組織（葉嘉輝、唐睿志參與犯罪
罪所得自動繳交其犯罪,1,是,罪所得自動繳交其犯罪
、第1項第2款、第3款之三人以上共犯以網際網路為傳播工具對公眾散布之詐欺取財罪,1,,刑法第339條之4第2項、第1項第2款、第3款之三人以上共犯以網際網路為傳播工具對公眾散布之詐欺取財未遂罪
4第1項第2款之3人以上共犯詐欺取財既遂罪,1,,行應構成刑法第339條4第1項第2款之3人以上共犯詐欺取財既遂罪
行中均以自己參與犯罪,1,,行中均以自己參與犯罪
三人以上共同詐欺取財及一般洗錢罪,1,,三人以上共同詐欺取財及一般洗錢罪
罪所得與前置犯罪,1,是,罪所得與前置犯罪
如附表一編號1至4、6、8至10、12、14至15「罪,1,是,如附表一編號1至4、6、8至10、12、14至15「罪
非法利用他人個人資料罪,1,,非法利用他人個人資料罪
非公務機關非法利用他人個人資料罪,1,,個人資料保護法第四十一條之非公務機關非法利用他人個人資料罪
罪事實欄一㈠部分）無罪,1,是,罪事實欄一㈠部分）無罪
竊盜罪之接續犯罪,1,,竊盜罪之接續犯罪
罪所得而達沒收制度剝奪被告犯罪,1,是,罪所得而達沒收制度剝奪被告犯罪
罪所得新臺幣壹佰伍拾貳萬柒仟柒佰玖拾伍元、王派均之犯罪,1,是,罪所得新臺幣壹佰伍拾貳萬柒仟柒佰玖拾伍元、王派均之犯罪
無正當理由交付、提供合計三個以上帳戶及帳號予他人使用罪,1,,洗錢防制法第二十二條第三項第二款之無正當理由交付、提供合計三個以上帳戶及帳號予他人使用罪
意圖販賣而陳列侵害商標權之商品罪,1,,前段之意圖販賣而陳列侵害商標權之商品罪
意圖販賣而陳列侵害商標權商品罪,1,,商標法第九十七條前段之意圖販賣而陳列侵害商標權商品罪
罪事實1、第1頁第3行：魏嘉誠、林胤成分別參與詐欺集團（魏嘉誠、林胤成參與犯罪,1,是,罪事實1、第1頁第3行：魏嘉誠、林胤成分別參與詐欺集團（魏嘉誠、林胤成參與犯罪
：被告2人所犯上開三人以上共同詐欺取財未遂、洗錢罪,1,,：被告2人所犯上開三人以上共同詐欺取財未遂、洗錢未遂罪
、第1項第2款之加重詐欺取財罪,1,,刑法第339條之4第2項、第1項第2款之加重詐欺取財未遂罪
罪預備之物：按供犯罪,1,是,罪預備之物：按供犯罪
罪所得之犯罪,1,是,罪所得之犯罪
行、該犯罪,1,,行、該犯罪
罪組織集團（徐旭斌參與犯罪,1,是,罪組織集團（徐旭斌參與犯罪
罪危害防制條例之規定：按犯詐欺犯罪,1,是,罪危害防制條例之規定：按犯詐欺犯罪
罪所得新臺幣柒仟元、白力仁之犯罪,1,是,罪所得新臺幣柒仟元、白力仁之犯罪
罪所得新臺幣貳萬元、林忠志之犯罪,1,是,罪所得新臺幣貳萬元、林忠志之犯罪
意圖供行使之用而攜帶兇器妨害公務罪,1,,意圖供行使之用而攜帶兇器妨害公務罪
詐欺取財、行使偽造私文書、行使偽造特種文書及修正後洗錢防制法第19條後段洗錢罪,1,,詐欺取財、行使偽造私文書、行使偽造特種文書及修正後洗錢防制法第19條後段洗錢罪
意圖營利供給賭博場所及同條後段意圖營利聚眾賭博罪,1,,前段意圖營利供給賭博場所及同條後段意圖營利聚眾賭博罪
意圖販賣而陳列禁藥罪,1,,意圖販賣而陳列禁藥罪
攜帶兇器三人以上共同剝奪他人行動自由罪,1,,攜帶兇器三人以上共同剝奪他人行動自由罪
非公務員洩漏國防以外之秘密罪,1,,非公務員洩漏國防以外之秘密罪
第１項之竊盜罪,1,,第１項之竊盜罪
如附表編號1至29所示各罪,1,是,如附表編號1至29所示各罪
參與組織犯罪,1,,參與組織犯罪
本判決附表乙編號一「罪,1,是,本判決附表乙編號一「罪
罪所得沒收」欄內所示之罪,1,是,罪所得沒收」欄內所示之罪
本判決附表乙編號二「罪,1,是,本判決附表乙編號二「罪
本判決附表乙編號三「罪,1,是,本判決附表乙編號三「罪
本判決附表乙編號四「罪,1,是,本判決附表乙編號四「罪
本判決附表乙編號五「罪,1,是,本判決附表乙編號五「罪
本判決附表乙編號六「罪,1,是,本判決附表乙編號六「罪
本判決附表乙編號七「罪,1,是,本判決附表乙編號七「罪
本判決附表乙編號八「罪,1,是,本判決附表乙編號八「罪
罪所得沒收、如附表編號2至4、13所示供犯罪,1,是,罪所得沒收、如附表編號2至4、13所示供犯罪
第1之吐氣所含酒精濃度達每公升0.25毫克以上而駕駛動力交通工具罪,1,,第1之吐氣所含酒精濃度達每公升0.25毫克以上而駕駛動力交通工具罪
駕駛動力交通工具而有服用酒類致不能安全駕駛情形罪,1,,駕駛動力交通工具而有服用酒類致不能安全駕駛情形罪
替代役役男無故擅離職役累計逾七日罪,1,,替代役役男無故擅離職役累計逾七日罪
附表一編號1「罪,1,是,附表一編號1「罪
附表一編號2至4「罪,1,是,附表一編號2至4「罪
附表一編號5、6「罪,1,是,附表一編號5、6「罪
附表一編號7「罪,1,是,附表一編號7「罪
罪事實：1、第2頁第1至10行：王映惇、陳慶宇均基於參與犯罪,1,是,罪事實：1、第2頁第1至10行：王映惇、陳慶宇均基於參與犯罪
、第1項第2款之3人以上共犯詐欺取財罪,1,,刑法第339條之4第2項、第1項第2款之3人以上共犯詐欺取財未遂罪
後均未自動繳交犯罪,1,,後均未自動繳交犯罪
附表一編號1、白力仁所犯附表一編號4、陳慶宇所犯附表一編號5部分犯行併論刑法第212條、第216條之行使偽造特種文書罪,1,是,附表一編號1、白力仁所犯附表一編號4、陳慶宇所犯附表一編號5部分犯行併論刑法第212條、第216條之行使偽造特種文書罪
行使偽造私文書、三人以上共同詐欺取財及洗錢等罪,1,,行使偽造私文書、三人以上共同詐欺取財及洗錢等罪
行使偽造私文書、行使偽造特種文書、三人以上共同詐欺取財及洗錢等罪,1,,行使偽造私文書、行使偽造特種文書、三人以上共同詐欺取財及洗錢等罪
罪危害防制條例之規定（被告王映惇、賴雅瑩部分）：按犯詐欺犯罪,1,是,罪危害防制條例之規定（被告王映惇、賴雅瑩部分）：按犯詐欺犯罪
後於偵查中及本院準備程序、審判期日均自白參與犯罪,1,,後於偵查中及本院準備程序、審判期日均自白參與犯罪
後未自動繳交犯罪,1,,後未自動繳交犯罪
後於調查處、檢察官偵查中並未提供任何資料而查獲該犯罪,1,,後於調查處、檢察官偵查中並未提供任何資料而查獲該犯罪
罪組織之發起、主持、操縱或指揮詐欺犯罪,1,是,罪組織之發起、主持、操縱或指揮詐欺犯罪
罪集團組織（王柏勛所犯參與犯罪,1,是,罪集團組織（王柏勛所犯參與犯罪
後於偵查及本院準備程序、審判期日均自白加重詐欺取財罪,1,,後於偵查及本院準備程序、審判期日均自白加重詐欺取財罪
行相互分工以遂行整體三人以上共犯詐欺取財、行使偽造私文書、洗錢等犯罪,1,,行相互分工以遂行整體三人以上共犯詐欺取財、行使偽造私文書、洗錢等犯罪
罪事實：1、第2行：（劉世偉參與犯罪,1,是,罪事實：1、第2行：（劉世偉參與犯罪
罪危害防制條例之規定：按刑法修正而變更犯罪,1,是,罪危害防制條例之規定：按刑法修正而變更犯罪
規定：詐欺犯罪,1,,罪危害防制條例規定：（1）依該條例第2條第1款規定：詐欺犯罪
第四十三條或第四十四條之罪,1,,第四十三條或第四十四條之罪
與前二目有裁判上一罪,1,,與前二目有裁判上一罪
罪事實一之（二）告訴人鄭詩穎部分）：1、按刑法第59條規定犯罪,1,是,罪事實一之（二）告訴人鄭詩穎部分）：1、按刑法第59條規定犯罪
第337條之侵占遺失物罪,1,,竊盜罪及第337條之侵占遺失物罪
0罪,1,是,刑法第339條之4第1項第2款之0罪
後於偵查及本院準備程序、審判期日自白加重詐欺取財罪,1,,後於偵查及本院準備程序、審判期日自白加重詐欺取財罪
行相互分工以遂行整體三人以上共犯詐欺取財、行使偽造私文書、行使偽造特種文書、洗錢等犯罪,1,,行相互分工以遂行整體三人以上共犯詐欺取財、行使偽造私文書、行使偽造特種文書、洗錢等犯罪
或共犯之犯罪,1,是,或共犯之犯罪
意圖販賣而持有第二級毒品而混合二種以上之毒品罪,1,,意圖販賣而持有第二級毒品而混合二種以上之毒品罪
罪權限之公務員或機關陳述其犯罪,1,是,罪權限之公務員或機關陳述其犯罪
罪之具體事實及其犯罪,1,是,罪之具體事實及其犯罪
納稅義務人以詐術逃漏稅捐罪,1,,幫助納稅義務人以詐術逃漏稅捐罪
第之1第1項第1款「緩刑前因故意犯他罪,1,,第之1第1項第1款「緩刑前因故意犯他罪
犯刑法339條之4之罪,1,,前段之犯刑法339條之4之罪
罪之非難評價、各罪,1,是,罪之非難評價、各罪
各罪之原定刑度、定應執行刑之外部界限與內部界限(就附表編號1所示各罪,1,是,各罪之原定刑度、定應執行刑之外部界限與內部界限(就附表編號1所示各罪
對依法執行職務之公務員施脅迫之妨害公務執行罪,1,,前段之侮辱公務員罪及同法第135條第1項之對依法執行職務之公務員施脅迫之妨害公務執行罪
對於未滿14歲之女子為猥褻罪,1,,對於未滿14歲之女子為猥褻罪
附表編號3、4「罪,1,是,附表編號3、4「罪
行參與詐欺集團犯罪,1,,行參與詐欺集團犯罪
自白並繳交犯罪,1,,罪危害防制條例第47條自白並繳交犯罪
罪條例有關自白減輕之規定：按犯前四條之罪,1,是,罪條例有關自白減輕之規定：按犯前四條之罪
後於警詢中已就本件犯罪,1,是,後於警詢中已就本件犯罪
行自白上開洗錢、參與犯罪,1,,行自白上開洗錢、參與犯罪
如附表編號3所犯參與犯罪,1,是,如附表編號3所犯參與犯罪
、第2款之罪,1,,刑法第339條之4第1項第1款、第2款之罪
冒用政府機關或公務員名義犯詐欺取財罪,1,,冒用政府機關或公務員名義犯詐欺取財罪
行所犯參與犯罪,1,,行所犯參與犯罪
罪所得新臺幣拾柒萬元、林國瑞未扣案之犯罪,1,是,罪所得新臺幣拾柒萬元、林國瑞未扣案之犯罪
罪事實：1、第1至4行：劉辰恩於民國113年1月間參與詐欺集團犯罪,1,是,罪事實：1、第1至4行：劉辰恩於民國113年1月間參與詐欺集團犯罪
罪所得認定部分如後所載）即被告本件犯行獲有犯罪,1,是,罪所得認定部分如後所載）即被告本件犯行獲有犯罪
行所犯三人以上共同詐欺取財及洗錢罪,1,,行所犯三人以上共同詐欺取財及洗錢罪
自白減刑規定：按犯詐欺犯罪,1,,罪危害防制條例第47條自白減刑規定：按犯詐欺犯罪
行有取得犯罪,1,,行有取得犯罪
違法分派股息紅利罪,1,,違法分派股息紅利罪
如附表一、附表二、附表三、附表四、附表五、附表六「罪,1,是,如附表一、附表二、附表三、附表四、附表五、附表六「罪
無故取得他人電腦之電磁紀錄罪,1,,無故取得他人電腦之電磁紀錄罪
妨害信用罪,1,,妨害信用罪
擅自以改作之方法侵害他人之著作財產權罪,1,,擅自以改作之方法侵害他人之著作財產權罪
對未滿14歲女子為強制猥褻罪,1,,對未滿14歲女子為強制猥褻罪
附表A編號1、編號2所示之罪,1,是,附表A編號1、編號2所示之罪
侵占遺失物離本人持有物罪,1,,侵占遺失物離本人持有物罪
違反保護令罪,1,,違反保護令罪
駕駛動力交通工具而尿液所含毒品及代謝物達行政院公告之品項及濃度值以上罪,1,,駕駛動力交通工具而尿液所含毒品及代謝物達行政院公告之品項及濃度值以上罪
非公務機關違法蒐集個人資料罪,1,,非公務機關違法蒐集個人資料罪
、第2款之無正當理由期約對價而交付、提供合計3個以上帳戶予他人使用罪,1,,洗錢防制法第22條第3項第1款、第2款之無正當理由期約對價而交付、提供合計3個以上帳戶予他人使用罪
同條第5項之持有第三級毒品純質淨重逾五公克以上之罪,1,,持有第二級毒品罪及同條第5項之持有第三級毒品純質淨重逾五公克以上之罪
持有第三級毒品純質淨重逾五公克以上之罪,1,,持有第三級毒品純質淨重逾五公克以上之罪
與未滿十六歲之人為有對價之性交行為罪,1,,與未滿十六歲之人為有對價之性交行為罪
違背封印效力罪,1,,違背封印效力罪
對醫事人員以強暴及其他非法方法妨害執行醫療罪,1,,對醫事人員以強暴及其他非法方法妨害執行醫療罪
結夥三人以上毀壞安全設備竊盜罪,1,,結夥三人以上毀壞安全設備竊盜罪
、第216條行使業務登載不實文書罪,1,,刑法第215條、第216條行使業務登載不實文書罪
：被告所犯行使業務登載不實文書罪,1,,：被告所犯行使業務登載不實文書罪
罪時間、空間緊接、犯罪,1,是,罪時間、空間緊接、犯罪
行係以一行為同時觸犯行使業務登載不實文書罪,1,,行係以一行為同時觸犯行使業務登載不實文書罪
侵占離本人持有物罪,1,,侵占離本人持有物罪
未經許可販賣非制式手槍罪,1,,未經許可販賣非制式手槍未遂罪
未經許可於夜間及公共場所攜帶刀械罪,1,,未經許可於夜間及公共場所攜帶刀械罪
如附表一至五所示之參拾伍罪,1,是,如附表一至五所示之參拾伍罪
規定）之申報公告不實罪,1,,規定（違反同法第20條第2項規定）之申報公告不實罪
、第一項第一款犯罪,1,,證券交易法第一百七十一條第二項、第一項第一款犯罪
有投票權人收受賄賂罪,1,,有投票權人收受賄賂罪
出示圈選內容等罪,1,,而犯同法第91條之教唆出示圈選內容等罪
規定之洗錢罪,1,,後段規定之洗錢罪
強盜罪,1,,強盜未遂罪
如附表二編號五至二十一「罪,1,是,如附表二編號五至二十一「罪
如附表二編號一至三、五至二十一「罪,1,是,如附表二編號一至三、五至二十一「罪
附表A編號1至編號2所示之罪,1,是,附表A編號1至編號2所示之罪
無故利用電腦系統漏洞而入侵他人電腦罪,1,,無故利用電腦系統漏洞而入侵他人電腦罪
非公務機關非法利用個人資料之一罪,1,,違反同法第20條第1項之非公務機關非法利用個人資料之一罪
對未滿14歲之女子犯強制性交罪,1,,對未滿14歲之女子犯強制性交罪
對未滿14歲之女子為性交罪,1,,對未滿14歲之女子為性交罪
對14歲以上未滿16歲之女子為性交罪,1,,對14歲以上未滿16歲之女子為性交罪
對未滿十四歲之女子為強制性交罪,1,,對未滿十四歲之女子為強制性交罪
對未滿十四歲之女子為性交罪,1,,對未滿十四歲之女子為性交罪
對十四歲以上未滿十六歲之女子為性交罪,1,,對十四歲以上未滿十六歲之女子為性交罪
如附表編號1至3、編號5、6所示各罪,1,是,如附表編號1至3、編號5、6所示各罪
：被告邱鍵昇所犯上開參與犯罪,1,,：被告邱鍵昇所犯上開參與犯罪
後於偵查、本院準備程序及審判期日均自白參與犯罪,1,,後於偵查、本院準備程序及審判期日均自白參與犯罪
攜帶兇器毀越安全設備踰越窗戶侵入住宅竊盜罪,1,,攜帶兇器毀越安全設備踰越窗戶侵入住宅竊盜罪
罪所得欄所示犯罪,1,是,罪所得欄所示犯罪
汽車駕駛人未領有駕駛執照駕車之過失傷害罪,1,,汽車駕駛人未領有駕駛執照駕車之過失傷害罪
本案有期徒刑以上之竊盜罪,1,,本案有期徒刑以上之竊盜罪
之前案均係竊盜犯罪,1,,之前案均係竊盜犯罪
非法搜索罪,1,,非法搜索罪
附表Ａ所示之罪,1,是,附表Ａ所示之罪
附表Ｂ所示之罪,1,是,附表Ｂ所示之罪
附表Ｃ所示之罪,1,是,附表Ｃ所示之罪
附表Ｄ編號三所示之罪,1,是,附表Ｄ編號三所示之罪
附表Ｅ所示之罪,1,是,附表Ｅ所示之罪
上開之罪,1,,上開之罪
商業負責人明知為不實事項而填製會計憑證罪,1,,商業會計法第71條第1款之商業負責人明知為不實事項而填製會計憑證罪
各罪之犯罪,1,是,各罪之犯罪
製造少年為猥褻行為性影像罪,1,,製造少年為猥褻行為性影像罪
及第2項第1款之意圖供行使之用而攜帶兇器在公眾得出入場所聚集三人以上首謀施強暴罪,1,,後段及第2項第1款之意圖供行使之用而攜帶兇器在公眾得出入場所聚集三人以上首謀施強暴罪
及第2項第1款之意圖供行使之用而攜帶兇器在公眾得出入場所聚集三人以上在場助勢罪,1,,前段及第2項第1款之意圖供行使之用而攜帶兇器在公眾得出入場所聚集三人以上在場助勢罪
意圖供行使之用而攜帶兇器在公眾得出入場所聚集三人以上首謀施強暴罪,1,,意圖供行使之用而攜帶兇器在公眾得出入場所聚集三人以上首謀施強暴罪
意圖供行使之用而攜帶兇器在公眾得出入場所聚集三人以上下手實施強暴罪,1,,意圖供行使之用而攜帶兇器在公眾得出入場所聚集三人以上下手實施強暴罪
恐嚇取財、第305條之恐嚇危害安全等罪,1,,刑法第346條第1項之恐嚇取財、第305條之恐嚇危害安全等罪
成年人故意對兒童犯違反保護令罪,1,,成年人故意對兒童犯違反保護令罪
無正當理由收受對價而交付帳戶予他人使用罪,1,,無正當理由收受對價而交付帳戶予他人使用罪
加重竊盜罪,1,,加重竊盜罪
意圖販賣而未經核准擅自輸入之醫療器材罪,1,,意圖販賣而未經核准擅自輸入之醫療器材罪
意圖販賣而未經核准擅自輸入醫療器材罪,1,,意圖販賣而未經核准擅自輸入醫療器材罪
行情節及罪,1,,行情節及罪
之侵占遺失物罪,1,,之侵占遺失物罪
普通詐欺取財罪,1,,普通詐欺取財罪
偽造國民身分證罪,1,,偽造國民身分證罪
偽造公印文罪,1,,偽造公印文罪
非法寄藏槍枝之主要組成零件罪,1,,非法寄藏槍枝之主要組成零件罪
結夥三人以上毀壞門窗侵入住宅竊盜罪,1,,結夥三人以上毀壞門窗侵入住宅竊盜罪
違反維持法庭秩序之命令罪,1,,違反維持法庭秩序之命令罪
行即附表編號1部分（即起訴書犯罪,1,是,行即附表編號1部分（即起訴書犯罪
行相互分工以遂行整體三人以上共犯詐欺取財、行使偽造私文書、行使偽造特種文書罪,1,,行相互分工以遂行整體三人以上共犯詐欺取財、行使偽造私文書、行使偽造特種文書罪
行）、洗錢等犯罪,1,,行）、洗錢等犯罪
行所犯上開行使偽造私文書、行使偽造特種文書（僅附表編號1部分）、三人以上共同犯詐欺取財罪,1,是,行所犯上開行使偽造私文書、行使偽造特種文書（僅附表編號1部分）、三人以上共同犯詐欺取財罪
罪防制條例所稱「犯罪,1,是,罪防制條例所稱「犯罪
所稱之參與犯罪,1,,罪防制條例第3條第1項所稱之參與犯罪
罪成員是否構成違反組織犯罪,1,是,罪成員是否構成違反組織犯罪
罪防制條例罪,1,是,罪防制條例罪
罪之每一個犯罪,1,是,罪之每一個犯罪
行中再次論罪,1,,行中再次論罪
行併論參與犯罪,1,,行併論參與犯罪
行並犯組織犯罪,1,,行並犯組織犯罪
行併涉犯上開規定及罪,1,,行併涉犯上開規定及罪
行係從一重之三人以上共同詐欺取財既遂罪,1,,行係從一重之三人以上共同詐欺取財既遂罪
故意遺漏會計事項不為記錄致使財務報表發生不實之結果罪,1,,故意遺漏會計事項不為記錄致使財務報表發生不實之結果罪
而犯同法第19條第1項後段之一般洗錢罪,1,,三人以上共同詐欺取財罪及違反洗錢防制法第2條第1款而犯同法第19條第1項後段之一般洗錢罪
使公務員登載不實書罪,1,,使公務員登載不實書罪
對未滿14歲女子犯加重強制猥褻罪,1,,對未滿14歲女子犯加重強制猥褻罪
成年人故意對少年犯強制猥褻罪,1,,成年人故意對少年犯強制猥褻罪
冒用他人合法醫療器材名稱與說明書罪,1,,醫療器材管理法第六十一條第一項之冒用他人合法醫療器材名稱與說明書罪
轉讓毒品之罪,1,,轉讓毒品之罪
未經許可持有具有殺傷力之子彈罪,1,,未經許可持有具有殺傷力之子彈罪
攜帶兇器侵入住宅強盜罪,1,,攜帶兇器侵入住宅強盜罪
罪所得新臺幣拾伍萬及供犯罪,1,是,罪所得新臺幣拾伍萬及供犯罪
未經許可寄藏其他可發射金屬或子彈具有殺傷力之槍枝罪,1,,未經許可寄藏其他可發射金屬或子彈具有殺傷力之槍枝罪
未經許可寄藏槍砲之主要組成零件罪,1,,未經許可寄藏槍砲之主要組成零件罪
非法寄藏可發射金屬或子彈具有殺傷力之槍枝罪,1,,非法寄藏可發射金屬或子彈具有殺傷力之槍枝罪
之透過網路方式販賣侵害商標權之商品罪,1,,後段之之透過網路方式販賣侵害商標權之商品罪
攜帶兇器毀壞安全設備竊盜罪,1,,攜帶兇器毀壞安全設備竊盜罪
罪所得新臺幣參萬元、張稚民犯罪,1,是,罪所得新臺幣參萬元、張稚民犯罪
對於因教育關係受自己監督之人利用權勢猥褻罪,1,,對於因教育關係受自己監督之人利用權勢猥褻罪
對於因教育關係受自己監督之人利用權勢性交罪,1,,對於因教育關係受自己監督之人利用權勢性交罪
、第三項第二款之罪,1,,水污染防治法第三十六條第五項、第三項第二款之罪
及第2款之三人以上共同冒用公務員名義詐欺取財罪,1,,及第2款之三人以上共同冒用公務員名義詐欺取財罪及修正後洗錢防制法第19條第1項後段之洗錢罪
攜帶兇器剝奪他人行動自由罪,1,,攜帶兇器剝奪他人行動自由罪
肇事逃逸之犯罪,1,是,肇事逃逸之犯罪
罪行為人應於有偵（調）查犯罪,1,是,罪行為人應於有偵（調）查犯罪
罪事實或犯罪,1,是,罪事實或犯罪
罪行為人自首犯罪,1,是,罪行為人自首犯罪
罪組織集團（黃俞賓參與犯罪,1,是,罪組織集團（黃俞賓參與犯罪
、第1項第2款之罪,1,,刑法第339條之4第2項、第1項第2款之罪
所規範之犯罪,1,是,罪防制條例第2條第1項所規範之犯罪
行使偽造私文書及行使偽造特種文書罪,1,,行使偽造私文書及行使偽造特種文書罪
：被告所犯上開參與犯罪,1,,：被告所犯上開參與犯罪
後於警詢、本院準備程序、審判期日均自白參與犯罪,1,,後於警詢、本院準備程序、審判期日均自白參與犯罪
罪預備之物：1、供犯罪,1,是,罪預備之物：1、供犯罪
前項之罪,1,,前項之罪
販賣第三級毒品而混合兩種以上之毒品罪,1,,販賣第三級毒品而混合兩種以上之毒品未遂罪
意圖營利供給賭博場所罪,1,,前段之意圖營利供給賭博場所罪
服用毒品致不能安全駕駛罪,1,,服用毒品致不能安全駕駛罪
竊盜罪共3罪,1,,竊盜罪共3罪
於夜間非法攜帶刀械罪,1,,於夜間非法攜帶刀械罪
罪所用之偽造以晟益股份有限公司出具之員工證壹份、扣案供犯罪,1,是,罪所用之偽造以晟益股份有限公司出具之員工證壹份、扣案供犯罪
如附表六編號1至22主文欄所示之貳拾貳罪,1,是,如附表六編號1至22主文欄所示之貳拾貳罪
論處之隱匿特定犯罪所得去向之洗錢等罪,1,,而依同法第14條第1項論處之隱匿特定犯罪所得去向之洗錢等罪
所為犯罪,1,,所為犯罪
侵占脫離本人持有物品罪,1,,侵占脫離本人持有物品罪
關係：查被告2人就起訴書犯罪,1,,關係：查被告2人就起訴書犯罪
：按刑事法若干犯罪,1,,：按刑事法若干犯罪
」之職業性、營業性或收集性等具有重複特質之犯罪,1,是,」之職業性、營業性或收集性等具有重複特質之犯罪
：被告2人所犯圖利供給賭博場所及圖利聚眾賭博2罪,1,,：被告2人所犯圖利供給賭博場所及圖利聚眾賭博2罪
傷害直系血親尊親屬罪,1,,傷害直系血親尊親屬罪
實行跟蹤騷擾行為罪,1,,實行跟蹤騷擾行為罪
未經許可寄藏子彈罪,1,,未經許可寄藏子彈罪
如表二「罪,1,,如表二「罪
（修正前）之罪,1,,及刑法第276條第2項（修正前）之罪
變造特種文書罪,1,,變造特種文書罪及戶籍法第75條第1項之變造國民身分證罪
變造國民身分證罪,1,,變造特種文書罪及戶籍法第75條第1項之變造國民身分證罪
未經許可於公共場所攜帶刀械罪,1,,未經許可於公共場所攜帶刀械罪
非法寄藏制式子彈罪,1,,非法寄藏制式子彈罪
之普通竊盜罪,1,,之普通竊盜罪
毀損罪）及同法第139條第1項損壞公務員依法所施之封印罪,1,,妨害公務員職務上掌管之物品罪（本罪罪質包含刑法第354條毀損罪）及同法第139條第1項損壞公務員依法所施之封印罪
普通侵占罪,1,,普通侵占罪
非法經營期貨槓桿交易商罪,1,,非法經營期貨槓桿交易商罪
笫1項之一般洗錢罪,1,,笫1項之一般洗錢罪
本案3罪,1,,本案3罪
無正當理由提供合計3個以上帳戶及帳號予他人使用罪,1,,無正當理由提供合計3個以上帳戶及帳號予他人使用罪
無正當理由提供合計三個以上帳戶及帳號予他人使用罪,1,,洗錢防制法第二十二條第三項第二款之無正當理由提供合計三個以上帳戶及帳號予他人使用罪
圖利容留性交及猥褻罪,1,,圖利容留性交及猥褻罪
如附表一編號1至編號6、編號8、編號17、編號18「罪,1,是,如附表一編號1至編號6、編號8、編號17、編號18「罪
非法經營收受存款業務其犯罪所得達1億元以上之罪,1,,後段之非法經營收受存款業務其犯罪所得達1億元以上之罪
附表1至4「罪,1,是,附表1至4「罪
無故侵入他人住宅附連圍繞之土地罪,1,,無故侵入他人住宅附連圍繞之土地罪
無故入侵他人電腦罪,1,,無故入侵他人電腦罪
罪集團利用以作為人頭帳戶遂行詐欺犯罪,1,是,罪集團利用以作為人頭帳戶遂行詐欺犯罪
行者遮斷犯罪,1,,行者遮斷犯罪
炒作股價罪,1,,炒作股價罪
上開三人以上共同犯詐欺取財及洗錢等罪,1,,上開三人以上共同犯詐欺取財及洗錢等罪
罪中所扮演角色及參與犯罪,1,是,罪中所扮演角色及參與犯罪
之數罪,1,,之數罪
及第210條之行使偽造私文書罪,1,,及第210條之行使偽造私文書罪
第305條之恐嚇危害安全罪,1,,毀損他人物品罪及第305條之恐嚇危害安全罪
毀損公務員職務上掌管物品罪,1,,毀損公務員職務上掌管物品罪
行之全部犯罪,1,,行之全部犯罪
行使偽造私文書、三人以上共同犯詐欺取財罪,1,,行使偽造私文書、三人以上共同犯詐欺取財罪
第1目所規定之詐欺犯罪,1,,罪危害防制條例第2條第1款第1目所規定之詐欺犯罪
罪條例等規定）：按犯前4條之罪,1,是,罪條例等規定）：按犯前4條之罪
行未取得犯罪,1,,行未取得犯罪
行並未獲有報酬或犯罪,1,,行並未獲有報酬或犯罪
本件犯行獲有犯罪,1,,本件犯行獲有犯罪
不正利用自動付款設備罪,1,,不正利用自動付款設備罪
罪事實：1、第1頁第1至3行：刁柏展基於參與犯罪,1,是,罪事實：1、第1頁第1至3行：刁柏展基於參與犯罪
罪組織集團（刁柏展參與犯罪,1,是,罪組織集團（刁柏展參與犯罪
行相互分工以遂行整體加重詐欺取財、行使偽造私文書、行使偽造特種文書及洗錢等犯罪,1,,行相互分工以遂行整體加重詐欺取財、行使偽造私文書、行使偽造特種文書及洗錢等犯罪
意圖營利未經他人同意無故販賣他人之性影像罪,1,,意圖營利未經他人同意無故販賣他人之性影像罪
、第1項之意圖營利未經他人同意無故販賣他人遭攝錄之性影像罪,1,,刑法第319條之3第4項、第1項之意圖營利未經他人同意無故販賣他人遭攝錄之性影像罪
：按刑法上販賣猥褻影像（如竊錄之他人性影像）罪,1,,：按刑法上販賣猥褻影像（如竊錄之他人性影像）罪
之1罪,1,,之1罪
罪事實告訴人、犯罪,1,是,罪事實告訴人、犯罪
行所獲犯罪,1,,行所獲犯罪
利用不正方法致使財務報表發生不實結果罪,1,,利用不正方法致使財務報表發生不實結果罪
對於未滿14歲之女子為猥褻行為罪,1,,對於未滿14歲之女子為猥褻行為罪
罪規模/應沒收金額」欄所示之犯罪,1,是,罪規模/應沒收金額」欄所示之犯罪
及同條第2項之運輸第一級毒品罪,1,,及同條第2項之運輸第一級毒品罪
對於14歲以上未滿16歲之男子為猥褻之行為罪,1,,對於14歲以上未滿16歲之男子為猥褻之行為罪
毀越門窗牆垣竊盜罪,1,,毀越門窗牆垣竊盜罪
使公務員為不實登載罪,1,,使公務員為不實登載罪
公共危險罪,1,,公共危險罪
失火燒燬住宅、建築物及交通工具以外之物罪,1,,失火燒燬住宅、建築物及交通工具以外之物罪
拍攝兒童性影像罪,1,,拍攝兒童性影像罪
汽車駕駛人駕駛執照經吊扣期間駕車致過失傷害罪,1,,汽車駕駛人駕駛執照經吊扣期間駕車致過失傷害罪
意圖供行使之用而攜帶兇器妨害公務執行罪,1,,意圖供行使之用而攜帶兇器妨害公務執行罪
汽車駕駛人無駕駛執照駕車過失傷害罪,1,,汽車駕駛人無駕駛執照駕車過失傷害罪
恐嚇取財、第305條之恐嚇危害安全罪,1,,刑法第346條第1項之恐嚇取財、第305條之恐嚇危害安全罪
罪行為人之實際犯罪,1,是,罪行為人之實際犯罪
罪行為人不能坐享犯罪,1,是,罪行為人不能坐享犯罪
失火燒燬住宅、建築物及交通工具以外物品罪,1,,刑法第一百七十五條第三項之失火燒燬住宅、建築物及交通工具以外物品罪
非公務機關犯非法蒐集個人資料罪,1,,非公務機關犯非法蒐集個人資料罪
成年人與少年共同意圖供行使之用而攜帶兇器在公共場所聚集三人以上下手實施強暴罪,1,,成年人與少年共同意圖供行使之用而攜帶兇器在公共場所聚集三人以上下手實施強暴罪
結夥三人以上毀越安全設備竊盜罪,1,,結夥三人以上毀越安全設備竊盜罪
以其他違反本人意願之方式使少年被拍攝性影像罪,1,,兒童及少年性剝削防制條例第三十六條第三項之以其他違反本人意願之方式使少年被拍攝性影像罪
三人以上共同詐欺取財且詐欺獲取之財物達伍佰萬元罪,1,,三人以上共同詐欺取財且詐欺獲取之財物達伍佰萬元罪
第1條第1項之不能安全駕駛動力交通工具罪,1,,第1條第1項之不能安全駕駛動力交通工具罪
詐偽買賣有價證券罪,1,,詐偽買賣有價證券罪
罪行為人為他人實施違法行為所取得之犯罪,1,是,罪行為人為他人實施違法行為所取得之犯罪
、第三項之以詐術妨害投標罪,1,,政府採購法第八十七條第六項、第三項之以詐術妨害投標未遂罪
附表編號1至7「罪,1,是,附表編號1至7「罪
、第3款侵入住宅、攜帶兇器竊盜罪,1,,刑法第321條第1項第1款、第3款侵入住宅、攜帶兇器竊盜罪
刑法321條第1項第2款踰越門扇竊盜罪,1,,刑法321條第1項第2款踰越門扇竊盜罪
、第3款踰越門扇、攜帶兇器竊盜罪,1,,刑法第321條第1項第2款、第3款踰越門扇、攜帶兇器竊盜罪
、第3款踰越安全設備、攜帶兇器竊盜罪,1,,刑法第321條第1項第2款、第3款踰越安全設備、攜帶兇器竊盜罪
踰越門扇、攜帶兇器竊盜罪,1,,踰越門扇、攜帶兇器竊盜罪
規定加重（被告俞易廷）：查被告俞易廷前因犯詐欺取財罪,1,,規定加重（被告俞易廷）：查被告俞易廷前因犯詐欺取財罪
本件有期徒刑以上之傷害罪,1,,本件有期徒刑以上之傷害罪
之之案件罪,1,,之之案件罪
罪集團用以收受隱匿詐欺贓款、規避檢警追緝之犯罪,1,是,罪集團用以收受隱匿詐欺贓款、規避檢警追緝之犯罪
罪（即前置犯罪,1,是,罪（即前置犯罪
、刑法第339條第1項之詐欺取財罪,1,,刑法第30條第1項、刑法第339條第1項之詐欺取財罪
前揭2罪,1,,前揭2罪
罪組織、第339條之4第1項第2款三人以上共同詐欺取財、修正後洗錢防制法第19條第1項後段一般洗錢等罪,1,是,罪組織、第339條之4第1項第2款三人以上共同詐欺取財、修正後洗錢防制法第19條第1項後段一般洗錢等罪
後於本院審理中坦承認罪,1,,後於本院審理中坦承認罪
附表編號1至6「本院罪,1,是,附表編號1至6「本院罪
無故變更公務機關電腦之電磁紀錄罪,1,,無故變更公務機關電腦之電磁紀錄罪
三人以上共同詐欺取財罪罪,1,,三人以上共同詐欺取財罪罪
非法持有非制式衝鋒槍罪,1,,非法持有非制式衝鋒槍罪
販賣第二級毒品而混合二種以上毒品罪,1,,販賣第二級毒品而混合二種以上毒品未遂罪
妨害幼童發育罪,1,,妨害幼童發育罪
第一、二款之無正當理由期約對價而交付三個以上金融帳戶予他人使用罪,1,,洗錢防制法第二十二條第三項第一、二款之無正當理由期約對價而交付三個以上金融帳戶予他人使用罪
散布無故攝錄他人性影像罪,1,,散布無故攝錄他人性影像罪
散布強拍他人性影像罪,1,,散布強拍他人性影像罪
散布竊拍性影像罪,1,,散布竊拍性影像罪
所定以違反本人意願之方式使兒童或少年被拍攝性影像罪,1,,所定以違反本人意願之方式使兒童或少年被拍攝性影像罪
如附表一編號1至15主文欄所示之拾伍罪,1,是,如附表一編號1至15主文欄所示之拾伍罪
發起指揮犯罪組織罪,1,,前段之發起指揮犯罪組織罪
如附表一編號二所示之各罪,1,是,如附表一編號二所示之各罪
拍攝、製造少年為性交、猥褻行為之照片、影片罪,1,,修正前兒童及少年性剝削防制條例第36條第1項之拍攝、製造少年為性交、猥褻行為之照片、影片罪
散布少年為性交、猥褻行為之照片、影片罪,1,,修正前兒童及少年性剝削防制條例第38條第1項之散布少年為性交、猥褻行為之照片、影片罪
無故竊錄他人非公開言論罪,1,,無故竊錄他人非公開言論罪
行使偽造私文書、加重詐欺取財罪,1,,行使偽造私文書、加重詐欺取財罪
公務員侵占職務上持有之非公用私有財物罪,1,,公務員侵占職務上持有之非公用私有財物罪
侵占職務上持有之非公用私有財物罪,1,,侵占職務上持有之非公用私有財物罪
攜帶兇器之加重竊盜罪,1,,攜帶兇器之加重竊盜罪
成年人與少年犯三人以上共同冒用政府機關及公務員名義詐欺取財罪,1,,成年人與少年犯三人以上共同冒用政府機關及公務員名義詐欺取財罪
、第41條之非公務機關非法利用個人資料罪,1,,個人資料保護法第20條第1項、第41條之非公務機關非法利用個人資料罪
未經同意無故攝錄他人性影像罪,1,,未經同意無故攝錄他人性影像罪
結夥三人以上侵入住宅強盜罪,1,,結夥三人以上侵入住宅強盜罪
如附表五編號1至4主文欄所示之肆罪,1,是,如附表五編號1至4主文欄所示之肆罪
無正當理由提供合計三個以上帳戶予他人使用罪,1,,無正當理由提供合計三個以上帳戶予他人使用罪
同條第4項之持有第二級毒品純質淨重二十公克以上罪,1,,持有第一級毒品罪及同條第4項之持有第二級毒品純質淨重二十公克以上罪
竊盜罪⒉被告所犯6罪,1,,竊盜罪⒉被告所犯6罪
以電子通訊、網際網路等傳播工具對公眾散布而犯詐欺取財罪,1,,行並有刑法第339條之4第1項第3款以電子通訊、網際網路等傳播工具對公眾散布而犯詐欺取財罪
對未滿14歲心智缺陷之女子犯強制猥褻罪,1,,對未滿14歲心智缺陷之女子犯強制猥褻罪
肇事致人於死逃逸罪,1,,肇事致人於死逃逸罪
無正當理由而交付合計三個以上帳戶予他人使用罪,1,,洗錢防制法第二十二條第三項第二款之無正當理由而交付合計三個以上帳戶予他人使用罪
無故以錄音竊錄他人非公開之談話罪,1,,無故以錄音竊錄他人非公開之談話罪
第項之持有第一級毒品罪,1,,第項之持有第一級毒品罪
附表編號1、2所示之罪,1,是,附表編號1、2所示之罪
罪事實：第1行：（李宇宸所犯參與犯罪,1,是,罪事實：第1行：（李宇宸所犯參與犯罪
行均犯三人以上共同詐欺取財及洗錢罪,1,,行均犯三人以上共同詐欺取財及洗錢罪
罪事實：1、第1頁第1行：（林天辰參與犯罪,1,是,罪事實：1、第1頁第1行：（林天辰參與犯罪
行、犯罪,1,,行、犯罪
罪事實：1、第1頁第1至3行：徐意珺基於參與犯罪,1,是,罪事實：1、第1頁第1至3行：徐意珺基於參與犯罪
罪組織集團（徐意珺參與犯罪,1,是,罪組織集團（徐意珺參與犯罪
、第216條之行使偽造私文書、同法第212條、第216條之行使偽造特種文書、第339條之4第1項第2款三人以上共同詐欺取財罪,1,,行所犯上開刑法第210條、第216條之行使偽造私文書、同法第212條、第216條之行使偽造特種文書、第339條之4第1項第2款三人以上共同詐欺取財罪
本件犯行供犯罪,1,,本件犯行供犯罪
轉讓偽藥等罪,1,,轉讓偽藥等罪
罪事實：第1頁第1行：（黃子修參與犯罪,1,是,罪事實：第1頁第1行：（黃子修參與犯罪
罪所得已經被告繳交其犯罪,1,是,罪所得已經被告繳交其犯罪
罪事實欄一㈠、㈡部分）無罪,1,是,罪事實欄一㈠、㈡部分）無罪
發起犯罪組織罪,1,,前段之發起犯罪組織罪
、同法第339條第2項之幫助詐欺得利罪,1,,刑法第30條第1項、同法第339條第2項之幫助詐欺得利罪
行者再為從事犯罪,1,,行者再為從事犯罪
行使偽造公文書罪,1,,行使偽造公文書罪
行已達洗錢罪,1,,行已達洗錢罪
罪集團遂行詐欺犯罪,1,是,罪集團遂行詐欺犯罪
同種幫助詐欺取財及幫助洗錢罪,1,,同種幫助詐欺取財及幫助洗錢罪
上開6幫助詐欺取財罪,1,,上開6幫助詐欺取財罪
上開3次幫助詐欺取財罪,1,,上開3次幫助詐欺取財罪
明知為不實事項而使公務員登載於執掌公文書罪,1,,明知為不實事項而使公務員登載於執掌公文書罪
他人逃漏稅捐等罪,1,,幫助他人逃漏稅捐等罪
毀越門窗侵入住宅罪,1,,毀越門窗侵入住宅罪
在公共場所未經許可攜帶刀械罪,1,,在公共場所未經許可攜帶刀械罪
罪組織之犯意（黃瑋杰所犯參與犯罪,1,是,罪組織之犯意（黃瑋杰所犯參與犯罪
、第2款之三人以上共同冒用政府機關及公務員名義詐欺取財罪,1,,刑法第339條之4第1項第1款、第2款之三人以上共同冒用政府機關及公務員名義詐欺取財罪
附表編號1、2所示犯行犯罪,1,是,附表編號1、2所示犯行犯罪
罪所得：（1）按犯罪,1,是,罪所得：（1）按犯罪
攜帶兇器踰越門窗竊盜罪,1,,攜帶兇器踰越門窗竊盜未遂罪
寄藏贓物罪,1,,侵占離本人持有物罪及同法第349條第1項之寄藏贓物罪
對醫事人員以恐嚇之方法妨害其執行醫療業務罪,1,,醫療法第一○六條第三項之對醫事人員以恐嚇之方法妨害其執行醫療業務罪
無正當理由提供三個以上帳戶予他人使用罪,1,,無正當理由提供三個以上帳戶予他人使用罪
無正當理由而交付、提供合計三個以上帳戶罪,1,,洗錢防制法第二十二條第三項之無正當理由而交付、提供合計三個以上帳戶罪
三人以上共同以網際網路對公眾詐欺取財罪,1,,三人以上共同以網際網路對公眾詐欺取財罪
違背公務員依法所發具扣押效力命令之行為罪,1,,違背公務員依法所發具扣押效力命令之行為罪
持有第一級毒品純質淨重10公克以上罪,1,,持有第一級毒品純質淨重10公克以上罪
竊盜罪2罪,1,,竊盜罪2罪
成年人與少年共犯三人以上共同詐欺取財罪,1,,成年人與少年共犯三人以上共同詐欺取財罪
行所犯上開組織犯罪,1,,行所犯上開組織犯罪
行上開犯罪,1,,行上開犯罪
後於偵查中及本院準備程序、審判期日均自白洗錢、參與犯罪,1,,後於偵查中及本院準備程序、審判期日均自白洗錢、參與犯罪
罪事實：1、第1頁第1至8行：邱建誠基於參與犯罪,1,是,罪事實：1、第1頁第1至8行：邱建誠基於參與犯罪
以廣播電視、電子通訊、網際網路或其他媒體等傳播工具對公眾散布而共犯詐欺取財罪,1,,刑法第339條之4第1項第3款之以廣播電視、電子通訊、網際網路或其他媒體等傳播工具對公眾散布而共犯詐欺取財罪
行所犯上開行使偽造私文書、三人以上共同詐欺取財及洗錢罪,1,,行所犯上開行使偽造私文書、三人以上共同詐欺取財及洗錢罪
侵入住宅強制性交罪,1,,侵入住宅強制性交罪
加重詐欺取財罪等罪,1,,加重詐欺取財罪等罪
罪事實：1、第1頁第1至5行：吳哲汎基於參與犯罪,1,是,罪事實：1、第1頁第1至5行：吳哲汎基於參與犯罪
普通賭博罪,1,,前段之普通賭博罪
第l項前段之指揮犯罪組織罪,1,,第l項前段之指揮犯罪組織罪
持有第三級毒品純質淨重合計5公克以上罪,1,,持有第三級毒品純質淨重合計5公克以上罪
如本院附表二「罪,1,是,如本院附表二「罪
無故入侵他人電腦相關設備及同法第359條無故變更他人電腦相關設備電磁紀錄罪,1,,刑法第358條無故入侵他人電腦相關設備及同法第359條無故變更他人電腦相關設備電磁紀錄罪
在公眾得出入之場所聚集三人以上施強暴脅迫之首謀罪,1,,在公眾得出入之場所聚集三人以上施強暴脅迫之首謀罪
罪事實及證據名稱部分補充如下：（一）犯罪,1,是,罪事實及證據名稱部分補充如下：（一）犯罪
在公眾得出入之場所聚集三人以上施強暴、在場助勢之首謀罪,1,,刑法第150條第1項後段之在公眾得出入之場所聚集三人以上施強暴、在場助勢之首謀罪
同條第2項之持有第二級毒品罪,1,,持有第一級毒品純質淨重十公克以上罪及同條第2項之持有第二級毒品罪
規定之非公務機關非法利用個人資料罪,1,,違反同法第20條第1項規定之非公務機關非法利用個人資料罪
罪事實：1、第1行：（談智浩參與犯罪,1,是,罪事實：1、第1行：（談智浩參與犯罪
罪危害防制條例之詐欺犯罪,1,是,罪危害防制條例之詐欺犯罪
後於偵查、本院準備程序、審判期日均自白詐欺犯罪,1,,後於偵查、本院準備程序、審判期日均自白詐欺犯罪
前4條（即修正後洗錢防制法第19至22條）之罪,1,,前4條（即修正後洗錢防制法第19至22條）之罪
後於偵查中及本院準備程序、審判期日均就其所犯洗錢罪,1,,後於偵查中及本院準備程序、審判期日均就其所犯洗錢罪
之洗錢罪,1,,之洗錢罪
法條欄雖未記載被告並犯有組織犯罪,1,,法條欄雖未記載被告並犯有組織犯罪
意圖供行使之用而攜帶兇器在公眾得出入之場所聚集三人以上首謀施強暴罪,1,,意圖供行使之用而攜帶兇器在公眾得出入之場所聚集三人以上首謀施強暴罪
意圖供行使之用而攜帶兇器在公眾得出入之場所聚集三人以上下手實施強暴罪,1,,意圖供行使之用而攜帶兇器在公眾得出入之場所聚集三人以上下手實施強暴罪
意圖供行使之用而攜帶兇器在公眾得出入場所聚集三人以上施強暴在場助勢罪,1,,意圖供行使之用而攜帶兇器在公眾得出入場所聚集三人以上施強暴在場助勢罪
毀損公務員職務上掌管之文書罪,1,,毀損公務員職務上掌管之文書罪
損壞公務員職務上掌管之文書罪,1,,損壞公務員職務上掌管之文書罪
在公共場所聚集三人以上下手施強暴罪,1,,在公共場所聚集三人以上下手施強暴罪
無故變更他人電腦之電磁紀錄罪,1,,無故變更他人電腦之電磁紀錄罪
毀壞其他安全設備竊盜罪,1,,毀壞其他安全設備竊盜罪
如附表五編號8至23所示之拾陸罪,1,是,如附表五編號8至23所示之拾陸罪
如附表五編號1至23所示之貳拾參罪,1,是,如附表五編號1至23所示之貳拾參罪
罪所用之物」欄所示之物、犯罪,1,是,罪所用之物」欄所示之物、犯罪
如附表四編號1至3所示之參罪,1,是,如附表四編號1至3所示之參罪
而犯同法第14條第1項之一般洗錢罪,1,,詐欺取財罪及違反洗錢防制法第2條第2款而犯同法第14條第1項之一般洗錢罪
規定而犯持有第三級毒品純質淨重五公克以上罪,1,,規定而犯持有第三級毒品純質淨重五公克以上罪
交付、提供合計三個以上帳戶罪,1,,洗錢防制法第二十二條第三項第二款之交付、提供合計三個以上帳戶罪
意圖營利而媒介外國人非法為他人工作罪,1,,就業服務法第六十四條第二項之意圖營利而媒介外國人非法為他人工作罪
詐欺取財等罪,1,,竊盜及同法第339條第1項之詐欺取財等罪
申報及公告不實罪,1,,證券交易法第一百七十一條第一項第一款之申報及公告不實罪
附表Ａ編號一所示之罪,1,是,附表Ａ編號一所示之罪
附表Ａ編號二所示之罪,1,是,附表Ａ編號二所示之罪
附表Ａ編號三所示之罪,1,是,附表Ａ編號三所示之罪
附表Ａ編號四所示之罪,1,是,附表Ａ編號四所示之罪
附表Ａ編號五所示之罪,1,是,附表Ａ編號五所示之罪
附表Ａ編號六所示之罪,1,是,附表Ａ編號六所示之罪
附表Ａ編號七所示之罪,1,是,附表Ａ編號七所示之罪
附表Ａ編號八所示之罪,1,是,附表Ａ編號八所示之罪
使公務員登載不實罪,1,,使公務員登載不實罪
三人以上共同以網際網路對公眾散布犯詐欺取財罪,1,,三人以上共同以網際網路對公眾散布犯詐欺取財罪
規定從一重之竊盜罪,1,,規定從一重之竊盜罪
侵入他人建築物罪,1,,侵入他人建築物罪
散布少年為猥褻行為之電子訊號罪,1,,散布少年為猥褻行為之電子訊號罪
利用電腦設備詐欺取財罪,1,,利用電腦設備詐欺取財罪
駕駛動力交通工具實施強暴妨害公務執行罪,1,,駕駛動力交通工具實施強暴妨害公務執行罪
、第三款之不能安全駕駛動力交通工具罪,1,,刑法第一八五條之三第一項第一款、第三款之不能安全駕駛動力交通工具罪
失火燒燬他人物品罪,1,,失火燒燬他人物品罪
失火燒燬現有人所在之建築物罪,1,,失火燒燬現有人所在之建築物罪
窺視身體隱私部位罪,1,,窺視身體隱私部位罪
成年人故意傷害兒童致死罪,1,,前段及刑法第277條第2項之成年人故意傷害兒童致死罪
妨害自由而凌虐致人於死罪,1,,妨害自由而凌虐致人於死罪
所規範之詐欺犯罪,1,,罪條例第2條第1項所規範之詐欺犯罪
、第212條之行使偽造特重文書罪,1,,有刑法第210條、第212條之行使偽造特重文書罪
罪危害防制條例規定：犯詐欺犯罪,1,是,罪危害防制條例規定：犯詐欺犯罪
後就其所犯洗錢罪,1,,後就其所犯洗錢罪
洗錢、參與犯罪,1,,洗錢、參與犯罪
結夥三人共同竊盜罪,1,,結夥三人共同竊盜罪
意圖使公務員執行一定之職務而施強暴脅迫罪,1,,意圖使公務員執行一定之職務而施強暴脅迫罪
罪所得新臺幣捌拾玖萬元、潘進甫未扣案之犯罪,1,是,罪所得新臺幣捌拾玖萬元、潘進甫未扣案之犯罪
三人以上共同犯詐欺取罪,1,,三人以上共同犯詐欺取罪及洗錢防制法第19條第1項之一般洗錢罪
無正當理由期約對價提供三個以上帳戶予他人使用罪,1,,無正當理由期約對價提供三個以上帳戶予他人使用罪
第277條第1項之傷害罪,1,,毀損他人物品罪及第277條第1項之傷害罪
運輸第二級毒品而混合二種以上毒品罪,1,,運輸第二級毒品而混合二種以上毒品罪
如附表編號1至3、10至20「罪,1,是,如附表編號1至3、10至20「罪
行時點密接且犯罪,1,,行時點密接且犯罪
之實質上一罪,1,,之實質上一罪
罪動機、犯罪,1,是,罪動機、犯罪
罪組織之犯意（張雅雲所犯參與犯罪,1,是,罪組織之犯意（張雅雲所犯參與犯罪
罪事實：1、第1頁第1行：（邱伯宣所犯參與犯罪,1,是,罪事實：1、第1頁第1行：（邱伯宣所犯參與犯罪
第第1項第2款之3人以上共犯詐欺取財罪,1,,刑法第339條之4第第1項第2款之3人以上共犯詐欺取財罪
行所犯上開行使偽造私文書、行使偽造特種文書、三人以上共同詐欺取財及洗錢罪,1,,行所犯上開行使偽造私文書、行使偽造特種文書、三人以上共同詐欺取財及洗錢罪
罪集團組織（李風錡參與犯罪,1,是,罪集團組織（李風錡參與犯罪
：犯詐欺犯罪,1,,罪危害防制條例第47條：犯詐欺犯罪
行確實獲有犯罪,1,,行確實獲有犯罪
後於偵查中及本院準備程序、審判期日均自白洗錢罪,1,,後於偵查中及本院準備程序、審判期日均自白洗錢罪
罪事實：1、第1頁第1行：（黃則惟參與犯罪,1,是,罪事實：1、第1頁第1行：（黃則惟參與犯罪
上開行使偽造私文書、行使偽造特種文書、三人以上共同詐欺取財罪,1,,上開行使偽造私文書、行使偽造特種文書、三人以上共同詐欺取財罪
後未繳交犯罪,1,,後未繳交犯罪
同條項第3款特別背信罪,1,,不合營業常規交易罪及同條項第3款特別背信罪
附表一編號1至3「罪,1,是,附表一編號1至3「罪
附表一編號1及2「罪,1,是,附表一編號1及2「罪
未經許可於公眾得出入之場所攜帶刀械罪,1,,未經許可於公眾得出入之場所攜帶刀械罪
輸入私菸罪,1,,輸入私菸罪
尿液所含毒品之代謝物達行政院公告之品項及濃度值以上而駕駛動力交通工具罪,1,,尿液所含毒品之代謝物達行政院公告之品項及濃度值以上而駕駛動力交通工具罪
指揮犯罪,1,,指揮犯罪
散布兒童或少年性影像罪,1,,散布兒童或少年性影像罪
無正當理由持有兒童或少年性影像罪,1,,無正當理由持有兒童或少年性影像罪
散布兒童或少年之性影像罪,1,,散布兒童或少年之性影像罪
行使變造準特種文書罪,1,,行使變造準特種文書罪
3人以上共同剝奪他人行動自由罪,1,,3人以上共同剝奪他人行動自由罪
、第1項之以網際網路賭博財物罪,1,,刑法第266條第2項、第1項之以網際網路賭博財物罪
圖利媒介猥褻罪,1,,圖利媒介猥褻罪
罪事實：1、第1頁第1至3行：陳彥羽基於參與犯罪,1,是,罪事實：1、第1頁第1至3行：陳彥羽基於參與犯罪
加重詐欺取財等罪,1,,加重詐欺取財等罪
罪組織集團（陳彥羽參與犯罪,1,是,罪組織集團（陳彥羽參與犯罪
附表編號1、2所示之洗錢罪,1,是,附表編號1、2所示之洗錢罪
附表編號3「罪,1,是,附表編號3「罪
罪事實：1、第1頁第1至3行：張嘉富（暱稱Aka小老虎）、張黃凱謙（暱稱高斯小凱刺青）均基於參與犯罪,1,是,罪事實：1、第1頁第1至3行：張嘉富（暱稱Aka小老虎）、張黃凱謙（暱稱高斯小凱刺青）均基於參與犯罪
本件3人以上共犯詐欺取財罪,1,,本件3人以上共犯詐欺取財罪
行所犯上開三人以上共同詐欺取財罪,1,,行所犯上開三人以上共同詐欺取財罪
附表編號1「罪,1,是,附表編號1「罪
附表編號2、3「罪,1,是,附表編號2、3「罪
罪集團組織（YEEJUNHOU、洪弼軒2人所犯參與犯罪,1,是,罪集團組織（YEEJUNHOU、洪弼軒2人所犯參與犯罪
行均係犯行使偽造私文書、行使偽造特種文書、三人以上共同詐欺取財罪,1,,行均係犯行使偽造私文書、行使偽造特種文書、三人以上共同詐欺取財罪
行並構成洗錢罪,1,,行並構成洗錢罪
行構成洗錢罪,1,,行構成洗錢罪
罪事實：1、第1頁第1至6行：賴彥凱基於參與犯罪,1,是,罪事實：1、第1頁第1至6行：賴彥凱基於參與犯罪
罪組織集團（賴雁凱參與犯罪,1,是,罪組織集團（賴雁凱參與犯罪
以網際網路對公眾散布而共犯詐欺取財罪,1,,行並有刑法第339條之4第1項第3款之以網際網路對公眾散布而共犯詐欺取財罪
、第216條之行使偽造特種文書罪,1,,刑法第212條、第216條之行使偽造特種文書罪
行為無罪,1,,行為無罪
之裁判一罪,1,,之裁判一罪
非法以電腦相關設備製作不實財產權變更紀錄取財罪,1,,非法以電腦相關設備製作不實財產權變更紀錄取財罪
罪事實、所犯法條（罪,1,是,罪事實、所犯法條（罪
偽造印文罪,1,,偽造印文罪
第1條之竊盜罪,1,,第1條之竊盜罪
冒用公務員名義犯詐欺取財罪,1,,冒用公務員名義犯詐欺取財罪
罪所得」欄之犯罪,1,是,罪所得」欄之犯罪
肇事致人重傷逃逸罪,1,,後段之過失傷害致重傷罪及同法第185條之4第1項後段之肇事致人重傷逃逸罪
行為而犯洗錢防制法第19條第1項後段一般洗錢等罪,1,,及洗錢防制法第3條第1款之行為而犯洗錢防制法第19條第1項後段一般洗錢等罪
成年人與少年共同犯剝奪他人行動自由罪,1,,前段之成年人與少年共同犯剝奪他人行動自由罪
違反本人意願之方法使少年被拍攝性影像及兒童及少年性剝削防制條例第38條第1項散布少年性影像等罪,1,,違反本人意願之方法使少年被拍攝性影像及兒童及少年性剝削防制條例第38條第1項散布少年性影像等罪
與14歲以上未滿16歲之人性交罪,1,,與14歲以上未滿16歲之人性交罪
交付少年之性影像罪,1,,交付少年之性影像罪
第310條第2項之散布文字誹謗罪,1,,公然侮辱罪及第310條第2項之散布文字誹謗罪
無故洩漏因利用電腦或其他相關設備知悉或持有他人秘密罪,1,,非公務機關非法利用個人資料罪及刑法第318條之1之無故洩漏因利用電腦或其他相關設備知悉或持有他人秘密罪
在公共場所聚集三人以上施強暴在場助勢罪,1,,前段之在公共場所聚集三人以上施強暴在場助勢罪
聚眾施強暴助勢罪,1,,聚眾施強暴助勢罪
如附表一編號1至6、附表二編號1至4、附表三編號1至3「罪,1,是,如附表一編號1至6、附表二編號1至4、附表三編號1至3「罪
媒介未滿16歲之女子性交罪,1,,媒介未滿16歲之女子性交罪
對於14歲以上未滿16歲女子為性交罪,1,,對於14歲以上未滿16歲女子為性交罪
圖利公然猥褻罪,1,,圖利公然猥褻罪
意圖供行使之用而攜帶兇器在公共場所聚集三人以上施強暴之首謀及下手實施罪,1,,意圖供行使之用而攜帶兇器在公共場所聚集三人以上施強暴之首謀及下手實施罪
前條第1項之罪,1,,前條第1項之罪
、第2項第1款之意圖供行使之用而攜帶兇器在公共場所聚集三人以上施強暴之首謀及下手實施罪,1,,刑法第150條第1項後段、第2項第1款之意圖供行使之用而攜帶兇器在公共場所聚集三人以上施強暴之首謀及下手實施罪
、第1項後段之意圖供行使之用而攜帶兇器在公共場所聚集三人以上施強暴之下手實施罪,1,,刑法第150條第2項第1款、第1項後段之意圖供行使之用而攜帶兇器在公共場所聚集三人以上施強暴之下手實施罪
、第1項前段之意圖供行使之用而攜帶兇器在公共場所聚集三人以上施強暴在場助勢罪,1,,刑法第150條第2項第1款、第1項前段之意圖供行使之用而攜帶兇器在公共場所聚集三人以上施強暴在場助勢罪
意圖供行使之用攜帶兇器在公共場所聚集三人以上施強暴之首謀及下手實施罪,1,,意圖供行使之用攜帶兇器在公共場所聚集三人以上施強暴之首謀及下手實施罪
意圖供行使之用而攜帶兇器在公共場所聚集三人以上施強暴之下手實施罪,1,,意圖供行使之用而攜帶兇器在公共場所聚集三人以上施強暴之下手實施罪
意圖供行使之用而攜帶兇器在公共場所聚集三人以上施強暴之在場助勢罪,1,,意圖供行使之用而攜帶兇器在公共場所聚集三人以上施強暴之在場助勢罪
後雖於本院準備程序中均為認罪,1,,後雖於本院準備程序中均為認罪
非法持有槍枝主要組成零件罪,1,,非法持有槍枝主要組成零件罪
：被告係以一行為同時觸犯上開二罪,1,,：被告係以一行為同時觸犯上開二罪
詐欺取財、幫助洗錢罪,1,,幫助詐欺取財、幫助洗錢罪
三人以上共同以網際網路公眾散布而犯詐欺取財罪,1,,三人以上共同以網際網路公眾散布而犯詐欺取財罪
之竊盜罪,1,,之竊盜罪
販賣第三級毒品等罪,1,,販賣第三級毒品等罪
附表編號1之（1）「罪,1,是,附表編號1之（1）「罪
附表編號1之（2）、2、3之（1）「罪,1,是,附表編號1之（2）、2、3之（1）「罪
附表編號3之（2）「罪,1,是,附表編號3之（2）「罪
罪事實：1、第2頁第1至4行：莊佳峻、卓孟荃、許家睿等人均基於參與犯罪,1,是,罪事實：1、第2頁第1至4行：莊佳峻、卓孟荃、許家睿等人均基於參與犯罪
、第1項第2款之既遂罪,1,,刑法第339條之4第2項、第1項第2款之既遂罪
行均涉犯洗錢既遂罪,1,,行均涉犯洗錢既遂罪
原規定：「犯第3條之罪,1,,罪防制條例第8條原規定：「犯第3條之罪
第4條、第6條、第6條之1之罪,1,,第4條、第6條、第6條之1之罪
罪條例所稱犯罪,1,是,罪條例所稱犯罪
行並犯參與犯罪,1,,行並犯參與犯罪
3人以上共犯詐欺取財既遂罪,1,,3人以上共犯詐欺取財既遂罪
加重詐欺取財既遂罪,1,,加重詐欺取財既遂罪
三人以上共同詐欺取財未遂、洗錢未遂等罪,1,,三人以上共同詐欺取財未遂、洗錢未遂等罪
罪危害防制條例自白減刑之規定（被告莊佳峻、卓孟荃部分）：按犯詐欺犯罪,1,是,罪危害防制條例自白減刑之規定（被告莊佳峻、卓孟荃部分）：按犯詐欺犯罪
違反組織犯罪,1,,違反組織犯罪
罪事實：1、第1頁第1至3行：鍾勝雄基於參與犯罪,1,是,罪事實：1、第1頁第1至3行：鍾勝雄基於參與犯罪
罪組織集團（鍾勝雄參與犯罪,1,是,罪組織集團（鍾勝雄參與犯罪
下列各罪,1,,下列各罪
在公眾場所聚集三人以上下手實施強暴罪,1,,後段在公眾場所聚集三人以上下手實施強暴罪
毀損幣券罪,1,,毀損幣券罪
使公務員登載不實公文書罪,1,,使公務員登載不實公文書罪
以強暴妨害人行使權利之強制罪,1,,以強暴妨害人行使權利之強制罪
意圖使女子與他人為性交而媒介以營利罪,1,,意圖使女子與他人為性交而媒介以營利罪
違反維持法庭秩序命令罪,1,,違反維持法庭秩序命令罪
附表三各編號「罪,1,是,附表三各編號「罪
、第1項第2款之三人以上共同犯詐欺取財未遂、洗錢防制法第2條第2款、第14條第2項、第1項之洗錢未遂等罪,1,,「刑法第339條之4第2項、第1項第2款之三人以上共同犯詐欺取財未遂、洗錢防制法第2條第2款、第14條第2項、第1項之洗錢未遂等罪
行係已著手於犯罪,1,,行係已著手於犯罪
如附表三所示之貳拾伍罪,1,是,如附表三所示之貳拾伍罪
意圖營利而容留使少年坐檯陪酒罪,1,,意圖營利而容留使少年坐檯陪酒罪
第１項之傷害罪,1,,第１項之傷害罪
如附表一至二十所示三人以上共同詐欺取財罪,1,是,如附表一至二十所示三人以上共同詐欺取財罪
如附表一至六、九、十一至二十所示三人以上共同詐欺取財罪,1,是,如附表一至六、九、十一至二十所示三人以上共同詐欺取財罪
非法販賣仿冒商標商品罪,1,,前段之非法販賣仿冒商標商品罪
附表編號1、2竊盜罪,1,是,附表編號1、2竊盜罪
有無犯罪,1,,有無犯罪
罪行為人實行違法行為而取得之未扣案犯罪,1,是,罪行為人實行違法行為而取得之未扣案犯罪
罪組織（林向樺所犯參與犯罪,1,是,罪組織（林向樺所犯參與犯罪
行所為並構成行使偽造特種文書罪,1,,行所為並構成行使偽造特種文書罪
、第212條行使偽造特種文書罪,1,,行並犯刑法第216條、第212條行使偽造特種文書罪
擅自以改作、公開傳輸之方法侵害他人之著作財產權罪,1,,著作權法第九十二條之擅自以改作、公開傳輸之方法侵害他人之著作財產權罪
三人以上共同攜帶兇器私行拘禁罪,1,,三人以上共同攜帶兇器私行拘禁罪
意圖避免替代役之徵集而無故逾應徵期限五日罪,1,,意圖避免替代役之徵集而無故逾應徵期限五日罪
及第六條規定以虐待及傷害方式而宰殺動物罪,1,,違反同法第五條第二項及第六條規定以虐待及傷害方式而宰殺動物罪
非法持有模擬槍罪,1,,非法持有模擬槍罪
之前案犯行均為竊盜罪,1,,之前案犯行均為竊盜罪
罪事實一之〈一〉）、刑法第321條第1項第1款侵入住宅竊盜罪,1,是,罪事實一之〈一〉）、刑法第321條第1項第1款侵入住宅竊盜罪
行與前案所犯竊盜罪,1,,行與前案所犯竊盜罪
逾越窗戶竊盜罪,1,,逾越窗戶竊盜罪
成年人故意對少年犯違反保護令罪,1,,成年人故意對少年犯違反保護令罪
意圖供應而非法輸入醫療器材罪,1,,意圖供應而非法輸入醫療器材罪
尿液所含毒品或其代謝物達行政院公告之品項及濃度值以上而駕駛動力交通工具罪,1,,尿液所含毒品或其代謝物達行政院公告之品項及濃度值以上而駕駛動力交通工具罪
對於非主管之事務圖利罪,1,,對於非主管之事務圖利罪
非法持有槍砲之主要組成零件罪,1,,非法持有槍砲之主要組成零件罪
洗錢財物或財產上利益未達1億元之幫助一般洗錢罪,1,,後段之洗錢財物或財產上利益未達1億元之幫助一般洗錢罪
及第6條規定以虐待及傷害方式而宰殺動物罪,1,,違反同法第5條第2項及第6條規定以虐待及傷害方式而宰殺動物罪
無故攝錄他人性影像罪,1,,無故攝錄他人性影像罪
傷害等罪,1,,恐嚇危害安全罪及同法第277條第1項之傷害等罪
業務侵占等罪,1,,業務侵占等罪
以不正方法由自動付款設備取財罪,1,,以不正方法由自動付款設備取財罪
毒品危害防制條例第11條第5項持有第三級毒品純質淨重五公克以上罪,1,,毒品危害防制條例第11條第5項持有第三級毒品純質淨重五公克以上罪
附表甲編號三所示之罪,1,是,附表甲編號三所示之罪
非法僱用罪,1,,臺灣地區與大陸地區人民關係條例第八十三條第一項之非法僱用罪
以網際網路賭博罪,1,,以網際網路賭博罪
